,A,B,C,D
2000-01-01,-1.5189832756624944,0.36444128147359006,-0.38916770153407765,1.6420846305369665
2000-01-02,-3.1338279275982153,-0.25174750531666973,-0.7750377480818422,0.39311948399994656
2000-01-03,-3.2487160887828788,-0.3953680485068512,-2.3578936642925576,-1.2842500333999902
2000-01-04,-2.9919050881106,-1.3596989695785338,-1.5358966846332796,-0.9261155831256352
2000-01-05,-2.5583009050708063,-2.193050973971601,-0.8008122339165934,0.42358838278266353
2000-01-06,-3.1568227365319785,-0.2719073443679234,-0.050076407522823385,0.4202368453982689
2000-01-07,-3.6216606869687538,0.21127679785011078,0.7237942821153327,-0.8678945852915162
2000-01-08,-4.958424036206917,-0.20099440558438347,-0.47636160145427353,-1.344772594548899
2000-01-09,-4.246742404612582,-0.6437996184650248,0.36496638694364625,-1.221734643169559
2000-01-10,-5.295321242824047,1.087402826233633,-0.037532083709495734,-3.258296404714459
2000-01-11,-5.8750582216546,1.7259552647665375,-0.8809062247268518,-3.047919938048964
2000-01-12,-5.727233370754772,0.13668902798910687,-1.468866063929815,-2.2828866483003347
2000-01-13,-5.004397776110329,0.39545409997516645,-2.9282056839214676,-2.8243707611768287
2000-01-14,-4.65821696698619,2.2498769939961267,-3.0123030797659305,-2.8054463734379893
2000-01-15,-3.1145279277378743,0.14294581477103296,-2.160602821313746,-3.803260412413914
2000-01-16,-2.512197443236975,-0.012743658778330835,-0.3427033827219268,-4.635909929161559
2000-01-17,-3.2032140953018944,0.6793363364896372,0.2171490435029495,-5.6933219098335925
2000-01-18,-0.27690447676927654,-0.7196283389351401,0.08456482626752018,-6.561864156590023
2000-01-19,-0.28194268181291804,-0.5403266294368384,0.8192557975214119,-5.855008046484489
2000-01-20,0.9321795929098864,-0.8287120422980803,-0.3419314700318774,-7.453302875507099
2000-01-21,1.7916349242976661,-0.3456254311607492,-0.3992313734061205,-7.036098128675523
2000-01-22,2.0887864514676515,-0.5001107048171783,0.03011788326228143,-6.68636410433193
2000-01-23,1.8463305061597444,0.9438853637577113,-0.34283888217696057,-8.548027909502853
2000-01-24,1.109967579174489,1.0577850391369026,0.06769205090878938,-7.862043574083172
2000-01-25,0.526090948372547,0.2897377216242466,-0.9423280694031132,-5.98977202783699
2000-01-26,-0.30976987001853484,-1.492112599420918,0.045716867992129595,-6.617949588519727
2000-01-27,-1.4151956527534995,-1.2646889997669195,0.4238508301659541,-8.454560750560441
2000-01-28,-1.5062506061205883,-0.13421637397545783,-1.3437506915868311,-6.80868173652575
2000-01-29,-2.023442815237745,0.7491309935022971,-1.8533870970002342,-6.117067921200768
2000-01-30,-2.350014572193204,0.039155863508513966,-2.029984552316927,-3.347247704483026
2000-01-31,-1.7445695099806682,-0.21859133384506907,-0.9924754512012606,-2.6691247751125524
2000-02-01,-2.4606317631082963,-2.282801793776685,-1.643461337743225,-2.7450328403364996
2000-02-02,-2.8602824114496332,-4.3955160044034525,-1.8213707224548776,-3.2658867524476625
2000-02-03,-1.5948260970395336,-6.43616148243324,-0.24237397824204376,-2.9230605769898013
2000-02-04,-2.2835558905380893,-7.248816811717213,-0.3414703121401308,-3.6816288540763784
2000-02-05,-1.60854318388012,-6.8884268874595485,-0.6545290146460869,-3.9615699312640458
2000-02-06,-0.5434721843550527,-5.862833799394393,0.6037036168131638,-3.863530148824137
2000-02-07,-0.5977956708598053,-5.3474903425045,1.2478174678838938,-4.116563335668112
2000-02-08,-0.6385025494173223,-3.551046846670206,0.29283604094837423,-4.390102623431503
2000-02-09,-1.104410653830989,-4.174723317929739,-0.6077928708853932,-3.2925545328232815
2000-02-10,-0.40505811142765036,-2.2828961023899197,-0.801052092522412,-3.950123750025594
2000-02-11,-3.592368205073007,-2.4756959613678156,-1.5451544649398734,-3.204502814776484
2000-02-12,-3.7776031821547607,-2.5093296588524,-2.3779030446491913,-2.1688566696770133
2000-02-13,-2.7764314862830526,-3.939848034295092,-3.5448159297127524,-3.070929678823914
2000-02-14,-4.176439457595088,-1.094266929782271,-5.126182712051866,-3.318764570812853
2000-02-15,-5.769367296348905,-2.042839091536738,-5.727403542679665,-3.1354841096584094
2000-02-16,-5.658703300846766,-1.4670038526840938,-6.937626452474139,-1.6371670379431231
2000-02-17,-5.2368934155665,-3.9894835560728685,-7.302983260287204,-1.298663851380345
2000-02-18,-4.8554376126487675,-3.5690919370472702,-8.35222404038197,-1.3578835240865978
2000-02-19,-5.995089401285578,-4.447063041761334,-8.095640543982762,-2.7334927961510243
2000-02-20,-5.638843893788113,-4.3901660650023455,-6.942338160991153,-3.2559508718181562
2000-02-21,-7.11695235388168,-3.6115958165665507,-6.448645673086627,-2.2770325306754504
2000-02-22,-7.276225539649643,-4.979743975433163,-6.598929362833118,-1.176832792695874
2000-02-23,-7.698748110565925,-6.331377157703235,-6.622790035032381,-1.3833019229211423
2000-02-24,-7.4775501523717836,-7.104501151499348,-6.665010152510101,-3.424665292267557
2000-02-25,-6.6974215731379525,-6.342210570979219,-4.567179760426013,-3.651646840967828
2000-02-26,-5.455771775370936,-8.789836798784624,-4.66970503510741,-2.754710680617718
2000-02-27,-3.5713197997419797,-10.449251263403491,-3.6476115356255967,-4.649261893765649
2000-02-28,-3.0857811805735142,-11.491181798574278,-2.5090044739338686,-6.002300758443504
2000-02-29,-3.6463142486234568,-11.18496561862608,-2.7564306119791713,-6.296012164662626
2000-03-01,-3.020588410755808,-11.088923962642445,-1.6004182670355334,-5.502037882992739
2000-03-02,-3.289879342924749,-9.179593319151865,-1.776431062157376,-5.372486546332274
2000-03-03,-1.9593399309547483,-10.457773525317457,-0.8531802201476191,-6.388190868868891
2000-03-04,-2.0453410882153253,-9.404524859018757,0.030507059539572,-7.219587033606208
2000-03-05,-1.126167270282565,-7.387290724604938,-0.5994533887409345,-7.148058508743431
2000-03-06,-1.7716541409133075,-6.298831921483518,0.22422131758405595,-6.94718685805516
2000-03-07,-2.9221635211783368,-7.030722307964106,0.9773781587607868,-6.62941633773608
2000-03-08,-1.7008397766841876,-7.3165119435377175,0.43816675600023414,-5.033954908467002
2000-03-09,-1.5651536451155914,-7.354203900885434,0.23748894630356734,-6.785146324389428
2000-03-10,-2.387025362942576,-9.160467399091296,0.896014956271999,-6.9618446193838155
2000-03-11,-4.346560677092508,-9.769012882781038,0.5285321921746042,-5.368825820137027
2000-03-12,-4.978260065328163,-8.384814950746685,-1.0484324259981739,-4.790680215376668
2000-03-13,-4.019298536143072,-9.375439035033665,-0.6616157437625771,-4.3309413586947825
2000-03-14,-3.8630044361433873,-9.766879967384483,-2.9282854267722587,-4.012510045472429
2000-03-15,-4.499649257590754,-8.819803398515235,-2.786540959684634,-2.4329030868497616
2000-03-16,-5.385391141278436,-8.326348788222369,-3.192616080956451,-2.37228234172814
2000-03-17,-3.8884167288181404,-10.513563093579075,-2.5304981080675137,-1.6785073400475676
2000-03-18,-5.388328482609235,-10.477728406780779,-2.5082831997862294,-1.083377827183429
2000-03-19,-7.237629398200532,-12.301528923256493,-3.8531536062264338,2.0024472987917386
2000-03-20,-7.121600419726171,-12.792328978060294,-4.281471741387572,3.2308340157178206
2000-03-21,-7.050832664165273,-11.868217636034382,-3.0375757523308353,4.5124854613542995
2000-03-22,-8.115999166614213,-12.039954972676187,-4.530663612609699,4.921013330863423
2000-03-23,-6.764519078243353,-11.63802317903075,-4.548567329815809,4.179854515704494
2000-03-24,-6.166266382291859,-12.660744908545057,-5.061908480774344,3.6848843404239897
2000-03-25,-5.933835310976763,-13.139321676009926,-4.85345563824631,4.175081651671707
2000-03-26,-4.902383251110116,-11.884091858028192,-4.55987764316893,5.156027185082701
2000-03-27,-1.7963110630072316,-9.617094525926705,-3.7548507839473175,4.950969976003815
2000-03-28,-0.8181504802743033,-10.205523515316942,-3.9958277285500072,5.3402866724613824
2000-03-29,-0.4538134032417659,-10.90545755305557,-4.613058187649281,6.186543953046337
2000-03-30,-1.5910699983394587,-10.612835343810874,-3.7975130020104566,6.674554872264222
2000-03-31,-1.15837035755232,-9.966932761971831,-2.073811242697178,7.381776919438234
2000-04-01,-0.4540310431829889,-12.040555296383497,-1.3625076486876195,8.969293153074515
2000-04-02,0.9421390991460824,-13.53995182078065,-3.4999910932393217,8.419819570516509
2000-04-03,0.5644878727770758,-14.371398589481473,-3.212182002972606,8.82309892038916
2000-04-04,0.5401673876935325,-13.57092959719373,-2.963722413566702,8.395416633217017
2000-04-05,0.7992166134127021,-12.446048426588725,-2.993962354660764,9.562878222069804
2000-04-06,1.0560771889388556,-12.706789320237249,-3.9904894271294102,8.44331493277903
2000-04-07,-1.4704707129782155,-12.746432930008895,-5.066028820120435,8.745808786719882
2000-04-08,-1.3508923574815757,-12.51324152442323,-5.425569197332464,8.123076027044242
2000-04-09,-1.5824538482002588,-13.915834792102727,-5.457860611858042,9.1543692270938
2000-04-10,-1.4067358868838706,-14.079914133967245,-5.670538479898041,8.353936004759738
2000-04-11,-2.2637917528931046,-13.919428038252082,-5.041616909490933,8.153781800553958
2000-04-12,-2.01194671110797,-12.637188673542273,-6.279493747502144,8.96967596111418
2000-04-13,-1.7721314147589071,-15.907427898433987,-5.714506746227137,9.364846514717826
2000-04-14,-2.959396946549446,-14.622522078748082,-5.702965680994895,8.838450037423156
2000-04-15,-4.488501277649295,-17.119517858081597,-5.682212815502201,7.702374127952182
2000-04-16,-3.816917862048774,-16.743132330476854,-4.71998880869093,7.516230385493189
2000-04-17,-4.261932866477553,-17.132476859486616,-4.490152463551556,8.035248924671269
2000-04-18,-3.8569047312856246,-16.788367189025287,-3.506845668044301,7.411339007612265
2000-04-19,-2.5753223028528534,-17.478771612228012,-4.3732166020827785,9.611060382803885
2000-04-20,-3.1771620819537767,-17.721968167428507,-3.283243276064244,10.502437291524284
2000-04-21,-3.397690583831702,-17.385528584478333,-3.4369192073714574,9.731775846371576
2000-04-22,-2.514433458045647,-17.955716492669097,-2.0256605504238325,11.307360682170524
2000-04-23,-3.828276962238836,-17.547356024289908,-1.8266763690239463,13.031689124344
2000-04-24,-2.6365193336194417,-16.91406807754411,-2.158836989295134,14.369143581361485
2000-04-25,-2.205233682842017,-16.243917924670814,-2.3847233726746535,14.203232778886601
2000-04-26,-2.528341320172632,-17.310556779099993,-1.5909121382538265,13.66109927068227
2000-04-27,-1.8854768646670768,-16.16851104659863,-2.159640194141853,13.536799243782818
2000-04-28,-2.1061200120493044,-16.23597612764227,-3.731888112270889,11.29684017505705
2000-04-29,-3.0610964789829893,-16.776676757985033,-2.770796778271456,10.816282756839595
2000-04-30,-3.630918676965714,-17.76948222227817,-2.3850443935851033,11.695209314983032
2000-05-01,-3.0097440330487952,-19.703306275422094,-0.5703961077620385,12.914005023527714
2000-05-02,-3.5258450307831275,-20.337209295833787,-3.5011851118381183,12.72244669750566
2000-05-03,-3.111068031026776,-18.35492593236376,-3.9081060120839153,11.165816254364273
2000-05-04,-1.5345252340155564,-17.384425797697855,-5.0213302415255106,11.225912399120224
2000-05-05,-1.7831354208495678,-16.259916849261096,-4.963457860725056,11.890364152928006
2000-05-06,-2.6848569235586117,-15.091691816668243,-5.0710303927489555,13.123876676533232
2000-05-07,-3.595625802118809,-14.817912359768222,-5.560136561228195,12.936596912335556
2000-05-08,-3.458534014188052,-15.604838004237944,-6.520685889857967,11.906245811890816
2000-05-09,-2.1859999322092283,-15.6702715875713,-7.101189834157123,11.527480859834023
2000-05-10,-1.8688277156599198,-15.505572071212633,-6.9622767143855935,11.582240056737074
2000-05-11,-2.152390664673694,-14.732727379162261,-6.843070013564823,12.961599641879971
2000-05-12,-0.8516060456295453,-12.939424475491636,-9.318235443890577,12.319810691721347
2000-05-13,-1.74342904206924,-13.905068205796923,-9.612276359380143,12.380701726030612
2000-05-14,-3.658340122870904,-14.907692006068302,-7.54520061234671,13.142840082547043
2000-05-15,-3.7136672662351136,-14.736789754136382,-7.100073125052096,13.286498800135863
2000-05-16,-4.137690008197583,-15.748343644015947,-7.09611195331392,11.107439542587747
2000-05-17,-4.847299033519297,-16.964526117511156,-5.433007623534087,11.57879107726786
2000-05-18,-3.7465333596378825,-17.016169057981095,-5.123910496727664,11.426716814282937
2000-05-19,-3.2302416184054854,-16.988919614247052,-5.79404047732598,11.353265103668868
2000-05-20,-3.595158301671958,-15.610828850192371,-5.779996463316084,11.592465393349984
2000-05-21,-1.4023751799161555,-16.883356103386745,-6.176175786953566,10.407634147260707
2000-05-22,-1.450470781123709,-15.92662712860736,-5.567423177877771,10.452993218293068
2000-05-23,-0.7226713064485208,-15.011953000438304,-4.917900831827901,11.16114549967796
2000-05-24,-0.3464182565060124,-14.67055842010871,-4.184518568257267,8.885443092836791
2000-05-25,-0.6008919836552784,-15.824246612159127,-3.9612519605850682,7.917208258704801
2000-05-26,-0.1796856249738914,-17.45573552000508,-2.0751469096462727,7.884955505300617
2000-05-27,-0.4919227019709751,-18.983177432329843,-0.9022481904509929,7.009389268439341
2000-05-28,-1.433324182887005,-18.809935738501416,-1.2560275903124456,7.287128780634325
2000-05-29,-2.4765279778499156,-19.610701714018195,-1.428330097202442,5.066580380686891
2000-05-30,-2.5566742675265863,-19.114927240820176,-2.315924385083777,6.7156302193963455
2000-05-31,-1.2226073250831677,-18.519990092589495,-2.0898501908864526,3.700376308490047
2000-06-01,-2.363120001536143,-17.3408650933879,0.5914778914172358,3.5545873940957162
2000-06-02,-2.3625596922069563,-16.50203377941319,0.5934403122319238,4.988903298066192
2000-06-03,-3.9063789402499225,-14.835895590007546,1.0928144871091314,5.571804167268281
2000-06-04,-4.252353832965452,-14.988079917724047,0.03679874868605659,5.930196026709329
2000-06-05,-3.5592326812851094,-15.629476972868263,-0.5357363044958513,4.588538456166511
2000-06-06,-4.4557202428185,-17.170737853944985,-1.1536532012908847,3.765665712560554
2000-06-07,-5.390939705550651,-16.65321815696973,-1.3537125807744657,2.9736287068010077
2000-06-08,-6.335896342972144,-16.387806476045416,-0.3256466027492442,1.4420978673761602
2000-06-09,-5.245116909647447,-14.74583263442899,-2.5258199332337585,3.3359099760770206
2000-06-10,-3.9120573375935708,-14.690683691430785,-2.1371624947545853,1.5208391762123787
2000-06-11,-2.2727431941531435,-14.576669501461376,-2.131208581022309,1.9247753815598436
2000-06-12,-1.388980719848468,-15.161068530229036,-3.50768611552503,1.3504811920041997
2000-06-13,-2.0034470309975987,-14.967585998802681,-3.722439841280887,1.9730837185103565
2000-06-14,-2.0019402510163657,-14.30721140307246,-4.048200675371592,0.774600106873466
2000-06-15,-1.5991958582888923,-13.533309081168346,-4.796026617652751,-0.6460449178615293
2000-06-16,-3.5274012427571213,-12.745531918430409,-4.264732425083592,-2.383403126279857
2000-06-17,-3.240755511221634,-12.20825994019941,-5.546997198866756,-2.919513639788518
2000-06-18,-3.1930214794230887,-11.671998555408427,-5.095736861645506,-3.1988090981273034
2000-06-19,-2.198990473992506,-11.140896526809584,-5.128525210639261,-2.4248047097075274
2000-06-20,-2.0938439844151677,-12.337899444459957,-4.269495564852618,-2.6569646375583154
2000-06-21,-2.641097706301416,-13.046181106308461,-4.293280916448907,-2.4626421217920273
2000-06-22,-2.3219366595742263,-12.638609519699429,-4.305512499499909,-3.8392745372143473
2000-06-23,-3.3581885747393034,-12.822754370737966,-4.765941570495599,-3.134049937368678
2000-06-24,-4.735678629329788,-13.303989868438334,-5.546231651291704,-2.8477565542692638
2000-06-25,-4.721313844257949,-14.40887783950252,-4.695556933464231,-4.747096025054863
2000-06-26,-2.4453627329814505,-14.05384484750201,-4.46212808402892,-5.2792512204154685
2000-06-27,-2.8664454647103685,-15.59564408557541,-6.125037283248771,-5.417565714021269
2000-06-28,-3.704934682723762,-16.00085201595308,-6.924402302152595,-5.253789155376046
2000-06-29,-3.3110018973714737,-15.33925374332007,-5.379678749470864,-4.126900054962537
2000-06-30,-5.004135778127827,-14.568227000537597,-6.104429781674022,-5.9865522954474955
2000-07-01,-3.1064551966390224,-14.694330880771814,-5.184126102574319,-5.248923251175413
2000-07-02,-2.333241930157902,-14.538193262160073,-2.6019501947696067,-4.65721827567827
2000-07-03,-3.549616723934177,-13.785530084186124,-3.4331240605086024,-4.517073663482448
2000-07-04,-2.5552982710729344,-13.33520205494729,-3.0224351714911717,-6.174878741127824
2000-07-05,-3.847288006617708,-13.326831503104152,-3.743590620904804,-6.1695515930559806
2000-07-06,-4.471421924586606,-14.126120195251241,-4.315730827808357,-5.873575297409183
2000-07-07,-4.347897999222421,-15.244541654691274,-2.1932079859055182,-6.694567667208928
2000-07-08,-5.192713863822101,-15.214486936711038,-1.7273151474095556,-5.936331079680164
2000-07-09,-2.8527216241372586,-13.085150938592152,-1.7757231798015432,-6.40193075519583
2000-07-10,-2.5435559341244867,-12.958330275363481,-0.46433875610256337,-5.022982592841537
2000-07-11,-2.2003366190083393,-13.083873579275803,-2.4752363585103674,-4.385366310292051
2000-07-12,-1.412359594493786,-12.237136768194592,-1.8096391260992184,-5.45462136586935
2000-07-13,-1.1457065912446152,-12.921882777712113,-1.3220748854242528,-6.864476429245087
2000-07-14,-1.3349756977823177,-12.441933800063726,-2.9771158383748766,-6.810404872301423
2000-07-15,-1.0878161192280493,-12.06180837778331,-4.40910316930412,-6.384616099480197
2000-07-16,-0.6715077066165103,-10.781964475190362,-4.4155155061913165,-5.230518122357727
2000-07-17,-0.9693746043026429,-12.72846020919855,-3.8449354180946527,-5.4628607006603165
2000-07-18,-0.4725318252374468,-12.446007979943033,-4.45418662461931,-8.388747312925462
2000-07-19,0.5309417773046585,-10.727181480591979,-2.7270474013947563,-6.621779007080539
2000-07-20,1.1104159067877715,-11.36558542697292,-2.2889039098735497,-7.117172130686863
2000-07-21,2.8033528165229527,-11.721068385346863,-1.390432808278621,-7.595679380697154
2000-07-22,2.2448639814974554,-11.81646857347689,-3.1402180609482078,-6.863088773049335
2000-07-23,2.8065953809154625,-11.902430857428167,-3.887174521271188,-4.778087648729555
2000-07-24,0.46395060541813526,-11.394807252789757,-4.582932393952301,-5.543303476919586
2000-07-25,-0.3614067624675197,-9.932994431102284,-5.325639450995161,-5.793038423198762
2000-07-26,-0.131108055711837,-10.019865320661385,-4.38943935254289,-5.424453851886668
2000-07-27,3.4781414461799707,-10.579932290120437,-5.429442098215462,-4.604207911729698
2000-07-28,4.1482127831900595,-9.506411687206604,-4.0333582786182465,-5.070340489196052
2000-07-29,3.9907171178927614,-9.014123617366844,-2.7699255264972478,-2.9919087509084283
2000-07-30,2.8657266990417893,-9.307253569781146,-4.847257225242175,-3.372844098325942
2000-07-31,4.063544813116115,-7.752016351329127,-3.640863461918113,-3.4210326378587586
2000-08-01,5.272271877292512,-7.321840625308814,-1.314993085311135,-3.852347930885175
2000-08-02,6.145828127510236,-7.193754575424606,-1.8645551299441887,-3.8583511660973877
2000-08-03,5.36370978897234,-7.182872897126462,-1.124855335815472,-3.5018046204665363
2000-08-04,6.122585787546161,-6.927942285302597,-2.6902451051127647,-3.3070115859264355
2000-08-05,5.102629519880358,-5.439755223180988,-4.050339506118385,-2.649763347745283
2000-08-06,4.066806626376042,-5.706859297911985,-2.7165740501449127,-2.56806445529998
2000-08-07,4.182077547267392,-6.181862439757624,-4.60798884787687,-2.7146920622409216
2000-08-08,5.523767307770576,-6.9048109769545345,-4.220425605102377,-2.8087017517838238
2000-08-09,5.6390762338772324,-7.737185424536216,-3.015476210431088,-0.7160201390293004
2000-08-10,5.481049878837768,-7.93653317857702,-1.9786963391899623,-1.682214574224917
2000-08-11,6.748690586151115,-8.632274821001271,-2.4769701388821392,-2.3326070302844872
2000-08-12,5.979283111478157,-9.305692787897048,-1.9061008853101362,-3.5316626830229776
2000-08-13,5.5931265251964595,-10.362768459253115,-2.0106882432381505,-5.462915026095127
2000-08-14,4.546493589058976,-10.727037365615585,-0.32830323434848263,-6.758159033103188
2000-08-15,6.491446351197872,-11.462497737037868,2.4102634632709785,-8.18252819438241
2000-08-16,8.711180180915221,-11.312962758374898,2.3905436707504193,-9.298478793276033
2000-08-17,7.556072517504873,-12.228376874060809,1.446020180727737,-10.074757502584472
2000-08-18,9.418410316557322,-11.832961679649665,2.3823451483592155,-8.686113819322259
2000-08-19,7.81663300955389,-13.29194042490768,1.7550639454831036,-8.340058380079256
2000-08-20,7.38012480930499,-13.361973872633762,0.9098759644518477,-6.882637434587509
2000-08-21,7.953684842955724,-13.289897952866303,-0.5299616570663057,-7.23412453463583
2000-08-22,9.040731294082622,-14.438184904708038,-3.876853866332958,-8.659475540561541
2000-08-23,7.615826395499551,-14.196546374132224,-4.49302725396309,-9.194047190673427
2000-08-24,7.844260239128449,-12.961356358767002,-4.9332460503409195,-9.220782362429881
2000-08-25,8.749933100190521,-12.874195322499412,-4.252052257063216,-9.328383947268172
2000-08-26,10.373823371378043,-14.441389265969393,-6.5417810522929365,-9.55046573801127
2000-08-27,10.782653399318225,-16.642857955936805,-5.316845505021772,-9.438143104733166
2000-08-28,10.902319647517004,-16.244139953464764,-6.169826374155363,-9.51507548417562
2000-08-29,11.111136025128012,-16.4483175457019,-7.108987597504923,-10.300628598283929
2000-08-30,11.102536558721866,-16.620629841562323,-7.393750788204291,-10.614053483592095
2000-08-31,11.26803002060091,-14.54102531399078,-9.199077262260193,-9.608022476335842
2000-09-01,11.642992742789415,-16.81499226419021,-8.039629279676442,-11.456607973901995
2000-09-02,12.23630511192252,-18.570368761108746,-5.616975810802343,-12.127435117176315
2000-09-03,13.293241349863301,-20.059689889788277,-6.14637591482524,-10.601212274741089
2000-09-04,12.945931259444611,-20.047244093601233,-6.147991175169603,-10.61181462142419
2000-09-05,13.987563581269107,-19.065852685444423,-7.563206999134489,-9.732597365324317
2000-09-06,11.798504286977689,-19.08452184643309,-7.0387069769207775,-9.704516409175154
2000-09-07,12.409962149462844,-19.800216876708447,-6.689492525199949,-10.021282612927237
2000-09-08,12.853898391691809,-21.644940881437996,-5.443457528206841,-8.664213708405324
2000-09-09,13.045849004677006,-22.49695092649906,-5.423688608284453,-8.897948175355303
2000-09-10,12.393151394226829,-22.56252664887245,-6.104835346170095,-8.495771894032615
2000-09-11,13.467412544929198,-23.80592418422102,-5.866004772300268,-10.46630224834902
2000-09-12,14.022028389860008,-23.493638798914464,-6.9853475741423114,-10.477104781972425
2000-09-13,15.28458592487379,-23.995132871659763,-6.395624979543092,-10.374802593032365
2000-09-14,15.319722568157516,-24.01393634634667,-6.665727248422574,-9.318677769132128
2000-09-15,15.428831152673673,-24.27505243484569,-6.112921827535475,-9.495900463742915
2000-09-16,15.940829606946826,-24.094369519463292,-6.344186072070594,-8.897804227881936
2000-09-17,15.073087554957043,-24.53162217121563,-6.459693370599713,-9.845050629424762
2000-09-18,16.616120921393307,-24.424297951093294,-7.036386709588934,-10.54838716026648
2000-09-19,16.932223735071908,-24.418945181654614,-7.227587451393349,-10.272864517380466
2000-09-20,17.80264936364328,-26.19992895645955,-6.796257347438426,-9.184559415461866
2000-09-21,17.174949302009832,-26.048841145041475,-5.435430779373914,-8.398132647715038
2000-09-22,17.84442814594847,-25.840711059441173,-4.5599597664740745,-10.352955776590019
2000-09-23,16.732468412875427,-24.476770031719692,-5.105444978264038,-9.191402322012726
2000-09-24,17.472162019375084,-22.155513919846584,-4.817974402811449,-10.558451811524117
2000-09-25,19.133487084122216,-20.634372913440814,-5.364880706005635,-9.2368870546807
2000-09-26,19.107476588891664,-20.209829402447212,-5.289158358806303,-9.047449316809475
2000-09-27,18.609431483136245,-19.365892302469756,-6.633771336854155,-10.082815369575108
2000-09-28,19.694001318648645,-17.800211463857842,-6.489031815140961,-9.926027751222259
2000-09-29,20.462185797603375,-17.442277801786215,-5.9200518042345545,-10.42489809204564
2000-09-30,21.5520205836404,-16.234491052106314,-7.951373022439618,-9.699775657229162
2000-10-01,20.79571558212822,-16.825328775622523,-8.776697041559755,-9.637033796019168
2000-10-02,19.949596494864686,-16.00814911652194,-8.148575541615989,-8.816351663574725
2000-10-03,20.583699128021305,-14.613069967664323,-7.642132956260151,-9.605948684711061
2000-10-04,19.820811154731715,-15.818267436019273,-6.112646914355863,-9.966865869323433
2000-10-05,20.910135850013038,-15.786172466769056,-5.249165062648932,-10.065755026417914
2000-10-06,19.002425555761242,-15.135242194090493,-4.575407715778741,-11.0881084637772
2000-10-07,18.914288039081054,-16.059153383703144,-3.3184844517003267,-9.49341621752986
2000-10-08,19.96045798648002,-16.26079375321362,-4.578537131066316,-10.082448430667982
2000-10-09,19.047957315020227,-16.589504878515758,-3.9050682793334017,-11.39121152175125
2000-10-10,20.438612840826174,-15.059706235219501,-4.247689758226592,-11.319168781616906
2000-10-11,20.48004001659487,-15.412648151245099,-5.894244953066579,-12.35643704854849
2000-10-12,19.284475577658192,-15.531195607788197,-4.433775272470761,-10.814973483532029
2000-10-13,19.637891031540818,-16.116770676869056,-4.353335893254159,-10.069733530209747
2000-10-14,19.325781081533997,-17.177058739581486,-4.469790835139681,-10.866082528712882
2000-10-15,17.536813330016294,-17.460200523459864,-4.949572759015516,-10.300839427074727
2000-10-16,16.800504796115376,-17.86277216530385,-5.238095704762649,-9.305818279059615
2000-10-17,16.768275915245837,-18.333321998008294,-4.80682849042614,-9.711342034182303
2000-10-18,17.934095152862092,-19.448698910099683,-6.327044022748788,-9.225279121340844
2000-10-19,19.269716272648306,-21.3294888161506,-7.08212775024162,-7.476860235363219
2000-10-20,20.349666003979518,-20.933274528827795,-6.391125929295823,-8.395325284377243
2000-10-21,20.096666643154173,-19.793965822535764,-6.743903222425151,-8.74107866179623
2000-10-22,20.140411542911117,-20.88354388007469,-8.612213196609208,-10.402429310742482
2000-10-23,19.317930952678406,-20.531173005381607,-7.4611339836008055,-12.742756764062715
2000-10-24,20.232479408245016,-18.583799163312193,-7.3512779962122785,-11.859825709863399
2000-10-25,19.98106831384249,-17.45439833806242,-6.388975007929535,-13.21858488318435
2000-10-26,21.61433785632791,-18.659728465506934,-5.758516895301934,-12.531408920341148
2000-10-27,21.28459463757528,-17.855876424674243,-7.466782394165715,-11.938858844531783
2000-10-28,22.62413982142393,-19.08199099655161,-8.147461029228634,-11.446217937346399
2000-10-29,22.841741390689563,-16.86444131830663,-8.254509972846762,-13.10279624967388
2000-10-30,21.961581184692857,-15.5658542187932,-7.916300442413288,-13.312037150522327
2000-10-31,21.969789996027224,-13.485820384981395,-8.438492651484756,-13.543844539987958
2000-11-01,21.345230560301165,-13.715746418305079,-7.547948226225062,-13.75622154530317
2000-11-02,22.026740506174466,-14.941293485359886,-7.896826468060851,-15.349314471036946
2000-11-03,21.75789537772112,-15.342180464574986,-9.816324007970444,-15.27036961009904
2000-11-04,22.051994819163973,-16.733888641647948,-10.877601679056086,-13.668854183552746
2000-11-05,20.905762809648042,-15.775260981310272,-11.65245108459489,-11.861296109620946
2000-11-06,21.54180667546296,-15.716007308738982,-11.271054572150211,-10.69287075680373
2000-11-07,23.197828533629426,-15.254342869669818,-10.642446945457097,-9.970753575113132
2000-11-08,22.526016867957786,-15.918389273478978,-12.08396691806329,-10.63507015046469
2000-11-09,22.21703557331332,-15.656997822344598,-12.161135509128094,-11.48058829837134
2000-11-10,22.957128719517133,-17.361709610283334,-13.194520891606114,-12.866839295276915
2000-11-11,22.306741731398073,-20.499698896752204,-13.069173134647537,-12.7525513731719
2000-11-12,22.328019810930257,-22.503255313024525,-12.159684715069334,-14.39448479997824
2000-11-13,21.28626983424448,-22.257267674812763,-12.706936575051273,-15.123346430758588
2000-11-14,20.396980449439027,-22.157251957522053,-12.846139482516659,-15.953765973710956
2000-11-15,19.492497592969215,-21.119300198408062,-12.623650215993502,-16.666562257074624
2000-11-16,19.557015259982514,-20.140479267872063,-13.49458275858653,-15.258259224577682
2000-11-17,20.350698859744348,-18.789532602152548,-11.750460624642145,-15.092304380675232
2000-11-18,19.529029682543122,-18.480618738160967,-13.363937300829669,-14.413323734815195
2000-11-19,19.41750050889773,-17.305137511577236,-13.574762505197944,-13.892805807082025
2000-11-20,21.25395316230287,-17.626987294042703,-14.707113470372718,-13.538608179266788
2000-11-21,22.919002212926028,-16.84914241417058,-13.261034670429009,-13.857651929704494
2000-11-22,22.805364452888725,-17.385396083888757,-12.15031371860794,-13.812661763327098
2000-11-23,23.573796772950665,-16.817274260506704,-13.641843195642442,-13.633856214718472
2000-11-24,22.607676669449507,-17.1877721168788,-16.278738736208336,-11.759447403754239
2000-11-25,21.885312781764284,-16.812061672122134,-16.385360139515512,-10.847824237217079
2000-11-26,22.205631226860103,-17.302586338645163,-16.191524994340813,-9.11878146723143
2000-11-27,20.747011529379186,-17.726302262065115,-16.513422257548406,-10.190027509112097
2000-11-28,20.42102479795763,-16.562358001888505,-17.389563916505296,-9.310280672997463
2000-11-29,20.089321757734957,-16.55300383412296,-17.23574711632902,-9.583343748383921
2000-11-30,18.862304995748733,-15.511770323819826,-15.169075310577533,-8.870761868691426
2000-12-01,18.029902516476625,-17.444703315624544,-13.33380849424352,-9.519153458673577
2000-12-02,18.027946240332586,-16.354309566092628,-13.822281940703334,-10.288031275315697
2000-12-03,19.219457667555627,-16.85870281681323,-12.455711125573334,-11.439156705470728
2000-12-04,18.8798980140074,-17.634347612271334,-12.323273824564023,-12.337466099489795
2000-12-05,20.32078739005543,-17.068207722722885,-12.746835049688134,-11.891198180794968
2000-12-06,18.983495147191878,-16.91447382215956,-14.351095292414918,-12.010962983375942
2000-12-07,19.24188563075316,-17.171757604790095,-14.011148262293197,-13.65741567148182
2000-12-08,19.10566446035366,-17.432580924048246,-13.029763644470414,-12.68516985169044
2000-12-09,18.526463229197034,-17.945595003492187,-13.123477883999984,-13.247651130578747
2000-12-10,18.429192181076615,-18.354007881901897,-11.679078639418872,-13.320160564152362
2000-12-11,16.741738937992572,-17.22366710908725,-11.774278790401047,-12.274112742777099
2000-12-12,16.373563384642306,-18.33340218315105,-12.110866882662986,-14.060188803800276
2000-12-13,17.118743591565448,-18.431771698066168,-13.911599016397421,-14.474446528154651
2000-12-14,15.948997144375245,-19.233177321598248,-14.364578894014283,-14.59024770807582
2000-12-15,15.93932845250568,-19.06581658103752,-13.180757239808214,-15.275622086539114
2000-12-16,15.410414346310837,-17.47158718515156,-11.858820476447079,-16.749324015151217
2000-12-17,15.84461837725057,-18.352589068268244,-12.328792428158252,-17.008420758534328
2000-12-18,15.738256694689824,-18.106894777026092,-12.703521273690422,-14.738123601547931
2000-12-19,13.486454513833705,-17.10603591131064,-13.848745756343373,-14.798737125567015
2000-12-20,12.133131235730302,-17.52787473259651,-14.121773188816782,-13.724664336053504
2000-12-21,11.302683128010687,-18.343882666735304,-14.583837311741506,-14.26074553034763
2000-12-22,10.814343854875043,-18.175843880015478,-13.148798030251278,-14.059861593474732
2000-12-23,10.123482669820985,-18.88070042868942,-12.787471843267726,-15.280785334067403
2000-12-24,9.742408782787871,-18.80829073417654,-11.906026431687945,-14.55320191469291
2000-12-25,9.431824278012163,-18.19838450274234,-10.812748208867475,-14.655158526348249
2000-12-26,11.089301191015174,-17.23509245532389,-10.746488719157837,-13.097047364964187
2000-12-27,11.648813358125514,-17.028299625367033,-10.365792916359633,-12.901203910007613
2000-12-28,11.089264587958427,-18.248864106111252,-9.518850833909294,-13.944896210295706
2000-12-29,11.048971134939812,-19.256333607944143,-8.731075120559119,-13.232698449733979
2000-12-30,11.300282518542483,-18.575745429584074,-7.771956287454849,-12.125759798332949
2000-12-31,10.757336806821991,-17.76945831474226,-7.088725961993262,-11.59318823063308
2001-01-01,8.746768506558848,-17.44690799238841,-7.222167998572905,-10.10855824422854
2001-01-02,10.469945724756524,-16.847646297837596,-6.0072946805235645,-12.931648800476637
2001-01-03,12.439592235222444,-16.00755990552924,-5.4433101979959035,-13.79558992072288
2001-01-04,12.677276999512603,-15.944079389008136,-4.766899954604639,-14.54436080977873
2001-01-05,13.212671254023402,-17.80151514383405,-5.001377145539207,-13.853234718880604
2001-01-06,12.484475556639415,-17.816318602993864,-5.246507047509495,-13.190035550104367
2001-01-07,12.882344528540443,-18.309949438076117,-5.78616169906853,-12.810310512140909
2001-01-08,14.604644342193868,-18.65375197792084,-5.702193056603618,-12.073098559431788
2001-01-09,13.48330294981685,-18.322234120006065,-7.765304524954345,-12.67396545784139
2001-01-10,14.195693376789702,-19.315585145517858,-7.020213822706185,-14.016786919006211
2001-01-11,14.820148855114764,-19.52558348259775,-7.532257470368703,-14.11534975892373
2001-01-12,14.23096400638901,-21.380134315198177,-8.749820172423023,-13.966835165214935
2001-01-13,15.627359669118656,-21.65363802735689,-7.949291695070035,-15.383021496617229
2001-01-14,16.29119032206516,-22.090564078374022,-7.69091453619296,-15.717247289972939
2001-01-15,17.46552311686848,-21.10008310902374,-8.096128757863378,-15.955349167037609
2001-01-16,18.15696309397634,-22.66045418512362,-9.15643902305347,-16.137351822564657
2001-01-17,18.843029441471387,-21.363467782719294,-10.280127607036246,-17.01566607932489
2001-01-18,18.682782077916986,-21.27105917257964,-9.185690098769737,-17.164879942375954
2001-01-19,19.701919567218937,-23.34028871230102,-9.178121456811201,-17.013452199105686
2001-01-20,21.050135496206003,-23.516136424973524,-10.357485150066314,-16.962938995116545
2001-01-21,19.62764436859269,-22.749358525508434,-10.403126911969064,-17.676871464785233
2001-01-22,20.379482379500548,-22.054560301523626,-9.940463594585918,-17.584902247873707
2001-01-23,22.24777296696329,-22.31355840179636,-11.024209582374407,-18.880193845331558
2001-01-24,22.550073966700264,-22.480745001316944,-9.141178462142825,-20.774422569141517
2001-01-25,22.561390331157636,-22.391860380227893,-10.455387713575151,-19.89005293484021
2001-01-26,22.81199060920699,-20.658063266203236,-10.715630162983544,-19.955843250678527
2001-01-27,22.8368618888599,-19.552683599039035,-10.531423138803639,-19.423123791708726
2001-01-28,21.4474973867507,-20.191555769251003,-10.55217530257464,-18.176607701272033
2001-01-29,22.381112257437543,-19.957757963207104,-11.475548449020396,-18.024245816423914
2001-01-30,23.36145710698,-19.48968623798754,-11.538419846706503,-18.722419644833558
2001-01-31,24.303095891813204,-19.94024310170225,-11.754123335232713,-19.26318293530939
2001-02-01,24.671463943884866,-20.292189766690846,-12.440135171295344,-18.61791463160409
2001-02-02,23.60349336784404,-21.472922465886754,-12.500406428568754,-19.09308784236109
2001-02-03,24.539863241463596,-22.22422513581901,-11.19812097466702,-19.388191907157942
2001-02-04,25.49618454411248,-21.410289994415187,-12.238328984436553,-20.055253107272385
2001-02-05,24.465927175740976,-21.277911864802174,-11.247527092303361,-18.960911732247403
2001-02-06,25.870343386762887,-20.67078517231852,-12.22966072538544,-17.81876997622767
2001-02-07,25.756264386226448,-19.668167724714554,-13.129368527242333,-18.473348166754448
2001-02-08,24.138784144765026,-18.834644527912765,-13.972128786001912,-18.741373957668422
2001-02-09,22.94998095817919,-20.011769876398137,-14.063680486120578,-18.622576025892485
2001-02-10,24.214321450060638,-22.252485097618475,-12.862389428403462,-18.362549170882
2001-02-11,24.03785604370502,-21.921187906044445,-12.007117616193636,-19.19512827603192
2001-02-12,23.54593404363385,-22.128201528309972,-13.650069011790396,-19.399532544734342
2001-02-13,23.99791725778868,-22.787748173239272,-12.061650720142048,-17.603481613108404
2001-02-14,24.726078758139202,-23.791541431718368,-12.013216012205119,-17.90145570734282
2001-02-15,24.111135345429066,-23.242517209517093,-13.455663384699047,-15.876931709746074
2001-02-16,22.190843756201772,-22.87738556874644,-13.572102868448379,-17.22019543047537
2001-02-17,21.308515457902267,-22.70689753553329,-12.938535448732173,-17.03295750449933
2001-02-18,20.747684771156532,-24.486132352733375,-13.304530182730458,-17.731734594542292
2001-02-19,20.527947683162864,-24.019528952564798,-12.864796082677698,-16.131316498496112
2001-02-20,19.83175134910962,-24.44717773431047,-11.010079284828388,-17.50702918734364
2001-02-21,19.056455634756023,-22.438044384741872,-12.344176917406507,-17.81595472628779
2001-02-22,19.080912703827828,-22.443091457542895,-12.857920639602465,-17.475963002773582
2001-02-23,20.359168129405038,-22.507357627676054,-13.615809510834367,-15.252010790795612
2001-02-24,20.521112742426386,-23.006236094322006,-12.588219984924729,-14.375490344739378
2001-02-25,20.13990116624649,-23.632166590754128,-12.101993084416153,-13.287684354569176
2001-02-26,21.33023665535304,-22.656613774952525,-12.837575111620943,-12.560095637072427
2001-02-27,20.731273603175836,-23.319493907133957,-11.986110136873481,-11.524440321627967
2001-02-28,19.457998215973728,-22.3508647807564,-12.529244561242935,-10.185015007266191
2001-03-01,19.591146269667405,-22.153699634606284,-11.412534915073701,-11.600713673773384
2001-03-02,19.581808784787686,-23.03957155989866,-10.880274533412104,-10.043346034185689
2001-03-03,20.670314100495744,-24.528521204523198,-9.822178514640948,-9.340499598721397
2001-03-04,19.049213495407592,-24.89042392236258,-11.008438114206182,-10.524677537270097
2001-03-05,19.83758626685886,-22.271964526478254,-11.393816219469759,-10.002460894705974
2001-03-06,19.28633183921932,-22.164558428423263,-11.074403022719572,-10.124303257096381
2001-03-07,19.255866328832973,-22.786092873702742,-11.275284785778721,-10.797160598547782
2001-03-08,17.746340595238532,-24.404796225965917,-11.489859664775206,-9.977082936087896
2001-03-09,16.841090092172614,-25.77549642378902,-12.083439597574412,-12.284044037089348
2001-03-10,17.18244042067561,-26.328171298942117,-12.41802067435874,-9.744658319807545
2001-03-11,16.933328659169117,-27.55965152702797,-12.34193566886841,-10.129282934383843
2001-03-12,18.11652423831586,-26.421511697572857,-14.451192698954275,-10.012247920199666
2001-03-13,16.56203875044161,-24.571030536094465,-15.197446706250409,-10.898694744928594
2001-03-14,17.523712403180106,-24.488201630262022,-15.806830928952634,-9.969334554747237
2001-03-15,18.105487802866786,-25.82217979846712,-17.123575449847998,-8.253769315096186
2001-03-16,18.96417619528359,-26.064484613177427,-19.319755319068538,-10.506315265715944
2001-03-17,19.319534609775,-28.735577158346295,-19.276634895728293,-11.928372079632664
2001-03-18,18.63821463513015,-27.453251331047387,-20.05498063483173,-12.042140479715094
2001-03-19,18.515264014199964,-26.07709025847181,-19.391187058083442,-10.671160444774504
2001-03-20,18.340112729848606,-25.08618899873881,-19.24819997683559,-10.192878788344538
2001-03-21,17.321947300499133,-23.598227336530975,-19.34665721489773,-9.888665692817854
2001-03-22,16.78728179779255,-24.439845895769913,-18.905404663432428,-9.533899124663794
2001-03-23,16.046511168195426,-23.33039673923203,-17.66758321134302,-7.515225975276478
2001-03-24,14.77518168327934,-23.963890215474283,-17.777384497695927,-8.936915637611254
2001-03-25,14.479252534352318,-24.87205517483969,-18.207499464899474,-7.957684193133213
2001-03-26,16.002799112743745,-24.814795124124338,-18.35241756091703,-6.9248879476631116
2001-03-27,15.696323118199146,-23.759412605704345,-19.84855202055607,-8.254357755937853
2001-03-28,15.709912918787126,-22.728907397392966,-19.05918066352115,-7.596408817312583
2001-03-29,17.799002096126102,-23.493664604522877,-17.57694949534957,-7.598119375716524
2001-03-30,17.04401565803472,-25.46552480005514,-16.844984300688918,-9.104537845620804
2001-03-31,17.233903291280395,-25.455183373099878,-17.021415407917207,-9.540865458168126
2001-04-01,18.532313091189778,-25.335660172507435,-15.780219249112768,-8.778659774100438
2001-04-02,18.528840250201256,-25.70791669369158,-16.214445416813405,-7.9787356131396585
2001-04-03,18.370107953525984,-24.053118211180983,-14.638890519702164,-7.135772659878408
2001-04-04,19.780806929221953,-23.555950873859242,-11.944276304331112,-7.655690697651896
2001-04-05,19.710759698795478,-23.699283798862705,-12.253515844955766,-6.486845622416759
2001-04-06,19.82486007531018,-24.13051348413079,-12.4340714175358,-6.600991289090471
2001-04-07,18.427370471284178,-23.542177035406155,-12.54436422943901,-5.272350179105787
2001-04-08,19.006503913907917,-23.59465674551034,-13.088890093731624,-5.506738546698378
2001-04-09,17.40940932076512,-21.989380396457264,-10.961222206196432,-6.30584570137124
2001-04-10,18.981724499746335,-21.58034376840408,-10.430191635339474,-5.446248872910464
2001-04-11,18.80248013747113,-21.47279397225546,-9.392037977003174,-6.111144144222438
2001-04-12,19.09760598204528,-20.465713998915206,-9.994131514032814,-5.965454704435122
2001-04-13,18.0237520447069,-18.62146144514435,-9.073733236444358,-4.780472974152676
2001-04-14,18.823798916867965,-18.08061585960617,-9.356749194091597,-2.982971662454043
2001-04-15,18.954251347341742,-18.18050225191549,-8.95255061726899,-3.222922462947977
2001-04-16,20.683251745708848,-17.150112518863093,-8.317509436209553,-4.062578170118094
2001-04-17,21.280083523475387,-17.192537260507255,-10.009089067179445,-3.0297211587196964
2001-04-18,21.559355069296576,-17.805002680702895,-9.761543464642456,-2.7835670472285465
2001-04-19,21.90414546444968,-17.716106558427896,-10.082559385434584,-4.272906966498468
2001-04-20,20.2741902240536,-18.522264697963305,-11.037995586557617,-3.6860192903400035
2001-04-21,21.427841480019687,-19.490650503628068,-11.52150456214756,-5.380885451565095
2001-04-22,21.168918863024775,-19.925400264671975,-11.115999644244635,-4.884037970350835
2001-04-23,20.96757464951649,-19.515023455870466,-11.835817612205258,-4.37003228608838
2001-04-24,21.272039841254195,-19.227948814465982,-11.50830094528203,-4.316500285071252
2001-04-25,22.391106806462666,-18.928206949350532,-11.099022721435345,-4.958141836214606
2001-04-26,22.525848325888404,-18.208084585639472,-11.811783839994472,-3.7149509091168706
2001-04-27,21.584980087965246,-19.71471299581797,-12.208402687593784,-3.2072339152545255
2001-04-28,21.457126734273686,-21.59369434068594,-12.077187405000528,-2.989870823728273
2001-04-29,21.42869014752206,-19.99875370614384,-11.891561388020017,-4.397587702674556
2001-04-30,18.749737479573998,-20.740544063654678,-12.318963815861528,-5.093731004887098
2001-05-01,19.152138375665423,-20.180037636077337,-12.516990936145085,-5.309777364035269
2001-05-02,17.532976258233113,-19.322197831895632,-12.523618165835089,-4.551057446612054
2001-05-03,16.91198796643531,-17.5896291756001,-11.716874554334266,-7.677774366477248
2001-05-04,16.348585567125188,-17.918118460482575,-12.199194999526771,-9.620131037000617
2001-05-05,15.351997219380863,-16.565099846606827,-11.741694601961981,-7.946475302199181
2001-05-06,14.670836188614516,-18.35262667717396,-10.782947414798796,-7.707073394678444
2001-05-07,14.555171449520977,-17.870200497631647,-10.749576774749862,-7.606672713577071
2001-05-08,14.668027812147177,-15.801654013326262,-9.444335681131175,-8.577585312688
2001-05-09,13.91471274605897,-15.279494939464897,-11.37300516039755,-7.488189300956816
2001-05-10,14.2500408432124,-17.03959188777436,-12.046432177286276,-5.5264728838913815
2001-05-11,13.466023857000271,-17.197597021182002,-13.253911015156648,-5.0581879036194275
2001-05-12,13.678767926260548,-15.885314233793464,-12.86790794190479,-4.983472206221753
2001-05-13,13.534698217934954,-15.1021288923987,-14.096312248570053,-4.860520045051254
2001-05-14,14.327541364949044,-13.930003559129036,-14.553976900354673,-5.794718762861914
2001-05-15,14.609328218070004,-14.007548371841514,-15.104403523331262,-5.9623603153699
2001-05-16,15.389464354381914,-14.6526548376121,-14.469709044760375,-6.203149722993736
2001-05-17,16.31661207106542,-14.277581131569015,-14.485489462965113,-6.242679346857031
2001-05-18,17.121802413336283,-14.373750763411762,-15.11642136000129,-5.122148713445519
2001-05-19,16.758570654741476,-12.412335447170966,-15.32313759362087,-3.5122595814260347
2001-05-20,18.105431950337113,-11.889745221019258,-15.445765116703749,-2.665022243893944
2001-05-21,18.849457282779397,-12.12278066866506,-16.01417860899449,-1.7007046032952458
2001-05-22,19.697520908304387,-10.606476735148874,-16.838182366390296,-2.515633580705963
2001-05-23,20.526087338742713,-10.35761824667181,-16.22986564029049,-1.551663367231639
2001-05-24,18.090422881241537,-9.684991113338823,-15.851456894459135,-1.1470394731941649
2001-05-25,17.65131273047314,-11.07971903680909,-15.425558649889068,-0.22088981591137258
2001-05-26,16.992110007283006,-10.494274344860736,-15.864799034251543,0.4431164121725578
2001-05-27,17.131571073528914,-10.169086394049737,-16.145296336034328,1.7733495028293715
2001-05-28,15.872544588463835,-10.925017358773855,-16.13276385210253,0.26279787744951544
2001-05-29,14.818419040746923,-10.574298817747849,-17.069157378763023,-0.5056500305082151
2001-05-30,15.994991813115949,-10.341959767572986,-18.10197625425148,-1.1753531780107926
2001-05-31,16.052253108848173,-11.632236304157907,-16.74651457780623,0.29387967978832186
2001-06-01,17.131970448777064,-10.269984832184242,-15.815241327603827,0.6723814793333887
2001-06-02,16.238280340686583,-9.042934083752279,-16.61388231951314,-0.3074694229491246
2001-06-03,16.690363115669797,-9.172350517201224,-18.226014743761464,-0.7404944679753566
2001-06-04,16.257763984558316,-10.766283070453861,-18.147453234420077,-1.1489232203838247
2001-06-05,16.730211133765714,-9.878148443328138,-18.471128799999445,-0.6182111556466386
2001-06-06,18.18466191588699,-8.678229841640809,-17.676092270737904,0.6887495843880157
2001-06-07,18.53992622338046,-7.1774445618024,-18.12673684267939,-0.5383412756252169
2001-06-08,16.48239556947734,-6.268714147876838,-18.348079277862087,-2.6295332160394707
2001-06-09,15.32647657697085,-5.58313993391179,-18.757316782715506,-2.7124534307884662
2001-06-10,14.356863344176057,-6.101302693530364,-19.0801390334637,-3.2445111613908706
2001-06-11,14.224146334718398,-5.812338983975757,-18.079307311287018,-1.3970324200650839
2001-06-12,14.166174016488293,-5.072174852709171,-18.81615618993392,-1.9055973090449299
2001-06-13,13.545474363903299,-5.051044478028245,-18.10003398980119,-2.0257521109872716
2001-06-14,14.404133884660517,-6.124710913358362,-19.604828534520895,-1.4923782894311621
2001-06-15,15.410465300258092,-4.944167542273613,-20.097299171638372,-2.140761388529885
2001-06-16,14.221036786573965,-5.325613336873328,-19.811956830892644,-2.3083025182604793
2001-06-17,15.112560679437117,-4.357789235044317,-19.277920579017813,-2.838155580972319
2001-06-18,12.681505248216123,-6.427920574225222,-20.356062473294948,-1.9386380600010338
2001-06-19,12.428891294645059,-7.920534290314475,-20.064364168630238,-0.8410938150055662
2001-06-20,12.247088929689992,-9.117247957566626,-20.306002436221686,-1.0758109387349097
2001-06-21,11.428906793706958,-9.740366545683383,-19.046463167965246,-1.2747002103170504
2001-06-22,12.468350087907247,-9.596474497206612,-18.381442277370663,-0.2983102741714545
2001-06-23,12.57062012373989,-9.14939537605889,-18.152782560770454,1.6639664279843165
2001-06-24,13.28944004514142,-9.11352413862372,-17.12437747138855,1.9461250997825972
2001-06-25,15.177403565019432,-8.865651147911661,-16.591423579801052,1.249892837234135
2001-06-26,15.006495297646053,-8.401617694454968,-14.91659725014692,1.0904903777321766
2001-06-27,12.357655481932483,-8.467576023291905,-16.402294777829294,1.194548885326782
2001-06-28,12.539173775238448,-7.881300452353509,-16.500331698287635,2.272737584098141
2001-06-29,12.948063028845636,-8.288948257343044,-17.0348679182449,1.402698509088633
2001-06-30,12.16804713285789,-8.550679092108252,-16.63456996544356,1.8695010972857935
2001-07-01,12.480839024155042,-7.233066139291751,-17.321373450794155,1.9708590244170638
2001-07-02,13.39562280412433,-6.698797719094603,-17.497709198398365,3.0217314940569535
2001-07-03,12.723139928885171,-7.510715025255842,-16.586971997332324,3.0780750528205987
2001-07-04,12.077715930511308,-7.859027958026174,-16.943814441465687,2.3419880473802177
2001-07-05,13.187985667667041,-9.660553622467214,-16.44368167664608,2.3923860201806244
2001-07-06,10.900148409110557,-9.45023976826979,-16.59271530102611,2.6647756327758096
2001-07-07,11.863231865910102,-10.983674667024355,-16.727499786214548,2.5052396336776437
2001-07-08,11.128920424971824,-10.70772456653007,-18.12039722044293,2.637594618196673
2001-07-09,9.849577213017731,-10.092918198845297,-16.274821578350643,1.3003120221683329
2001-07-10,9.763883832240397,-7.8330507453556475,-15.387375074570855,1.4151765166786612
2001-07-11,9.818614343295296,-7.567216442556583,-13.986280004149453,1.596211092010899
2001-07-12,8.479225675599784,-7.208693424959558,-13.863406807375567,1.0486289913148683
2001-07-13,8.351769620446733,-7.613657794929297,-13.143636656293298,-0.6709341333495311
2001-07-14,6.170992114525461,-7.4707854950173145,-11.767704989636345,-1.6258651654209708
2001-07-15,6.698431151334782,-7.142575284561759,-11.324701442181919,-2.1772635964933125
2001-07-16,7.368126283835533,-6.814096316319873,-12.157073355209807,-2.645084686457884
2001-07-17,8.930137199183804,-7.350480505605963,-11.514810101600688,-3.637734660312651
2001-07-18,7.997122135827663,-6.622529714111773,-10.893443220567649,-4.932182431391217
2001-07-19,8.268659622683497,-7.366988340560172,-11.37444558531886,-4.518434388476101
2001-07-20,9.231587005992154,-7.883472642370033,-10.182837637804576,-4.75904542267399
2001-07-21,8.052502429990062,-6.535257100602154,-12.33997252162338,-3.8640291913423637
2001-07-22,6.983346115097406,-8.384694947058748,-10.90977109309548,-4.85089469423351
2001-07-23,7.551606116149671,-6.900259909784204,-9.800420530716123,-4.333210560209922
2001-07-24,7.386025301286437,-7.104598435911606,-10.552218588171932,-4.10958228740059
2001-07-25,7.658513387785892,-7.358674759984835,-10.293724599977812,-4.638052111893144
2001-07-26,7.8152866123863864,-7.844976403808198,-9.637590368097127,-5.226683402868591
2001-07-27,6.972354585081991,-8.387671103558292,-10.716992791465833,-5.135564534585707
2001-07-28,6.988869909806787,-8.658166993831832,-11.63237490172521,-4.985885590137309
2001-07-29,8.598439757469711,-9.65767676196011,-12.00690195843462,-6.381337210089479
2001-07-30,10.677993598109097,-9.727855781518185,-10.265515117818088,-6.110675461894383
2001-07-31,9.564048037042514,-8.758283735628332,-9.345825097578864,-7.490650447724796
2001-08-01,9.478966812166826,-7.707097742244319,-8.369229061739192,-8.07916469967849
2001-08-02,9.511198805310583,-8.29214327650016,-9.720265007068448,-9.07905016584623
2001-08-03,8.08014002308338,-7.208506216946296,-7.574617406203633,-9.54904780309944
2001-08-04,9.053442816813915,-8.437265502971291,-6.332915011281936,-9.735703487635435
2001-08-05,9.481475466944868,-7.522178036069467,-4.896570366374325,-9.76302104665431
2001-08-06,9.2194424191435,-7.817390994980583,-4.859278523721812,-8.943865744101078
2001-08-07,9.082273070787776,-7.7257167944077265,-8.236330149958754,-8.67278551366224
2001-08-08,10.085260038806592,-7.251839514170171,-7.317765114759677,-9.329366648971988
2001-08-09,10.646363971421511,-6.4209174106842495,-7.363875825039493,-9.33479923994699
2001-08-10,9.833112715463926,-4.576400997084788,-7.6476626746276715,-8.873245639566642
2001-08-11,9.485434721872553,-5.080049093593042,-7.77754473511321,-8.459576322131607
2001-08-12,8.767956205201243,-4.3324948732188435,-8.873311722210593,-6.91207878387373
2001-08-13,9.241390525428386,-6.660354393519867,-9.14175456083895,-6.414586405712799
2001-08-14,9.655128534501678,-5.26814581491836,-9.541620423762497,-6.423140185722186
2001-08-15,11.306888591274948,-5.632651134646213,-8.543546359115643,-6.898753402082162
2001-08-16,10.518650054933763,-5.722528589078639,-6.570546866903669,-7.137015143884991
2001-08-17,9.722335738430044,-8.033362868091906,-5.797635420763703,-9.543335725359256
2001-08-18,10.352233023113127,-9.083085579360837,-6.353678330958617,-9.248035051601116
2001-08-19,9.05595351503659,-8.228814332816235,-5.215550535357124,-8.469686160422437
2001-08-20,9.949734351154422,-7.323630470082797,-6.6640817534588415,-8.829432859117526
2001-08-21,10.081686192318257,-6.81468144528504,-4.724924293087284,-9.467560304406407
2001-08-22,10.436583970319694,-7.337620197164207,-5.744457985644291,-8.581730597054802
2001-08-23,10.982550019429672,-7.349805298810462,-5.3686957707924705,-8.015553289500566
2001-08-24,10.757304766106508,-7.893639475062249,-5.991598057642499,-7.351793357927472
2001-08-25,12.345801910083235,-7.200954489204184,-5.709935200408417,-7.711386428587487
2001-08-26,12.035505195215165,-7.2396486831264175,-4.741247092506591,-6.94488408265208
2001-08-27,11.164298153446898,-9.102979465829074,-5.568676405419162,-6.103568318369388
2001-08-28,9.884431222382107,-8.96794427194088,-6.327179954779273,-5.657601203141054
2001-08-29,9.401500732316666,-7.021420471815943,-5.936349320596691,-6.999972016008943
2001-08-30,8.672925806764813,-5.121663849738828,-5.241097254239219,-5.8379162908693765
2001-08-31,8.166357361112786,-5.557111735626162,-4.624442045916035,-6.3538646892106865
2001-09-01,7.720036554149138,-5.666341819699774,-3.576481356551268,-5.57120111384278
2001-09-02,7.138272446282911,-6.1404004983857625,-4.1455330026940524,-6.649700994770399
2001-09-03,6.3576887990734186,-6.682566884212504,-4.506838163081626,-7.561498434176379
2001-09-04,6.774189937626023,-5.688626818009538,-5.765476384745155,-7.279171794813938
2001-09-05,7.233931032466037,-5.690172459788828,-6.568298987161823,-5.734094572622666
2001-09-06,7.671846318521622,-6.202698007048087,-5.981349904955016,-6.682581976420788
2001-09-07,7.072391568946698,-6.373279276199116,-5.937764326000857,-6.301651202489076
2001-09-08,5.640311952917552,-7.406529865016051,-7.502377237106078,-6.0567411975176215
2001-09-09,5.164209696432174,-7.443726036355108,-7.180177998159063,-6.75541613408559
2001-09-10,5.5008231115162785,-6.155001638154616,-7.667031090562843,-8.700970978221456
2001-09-11,6.500169841657015,-4.017110539449247,-7.572457227854061,-9.287203046817563
2001-09-12,5.576972339495708,-5.550307873192654,-6.1974200661179575,-9.59915705324005
2001-09-13,6.859261243324278,-2.6354874614382346,-5.202454926130406,-8.659884786239395
2001-09-14,7.5820938138574405,-2.2899028033297353,-4.488331535429289,-7.8220922022064645
2001-09-15,6.574664912302605,-1.7395732555134447,-3.1721940613789865,-8.764639441121735
2001-09-16,6.873985493679308,-1.2517070039411455,-1.7560411798034765,-8.187377488260347
2001-09-17,7.661058001372942,-0.7113449304431647,-0.0636887186178603,-6.632318441864388
2001-09-18,8.816228653152994,-0.3728081570440669,-1.541953313187097,-8.856077099940464
2001-09-19,7.78930027046917,-0.2836632079279178,-2.527184995944573,-10.400892705519418
2001-09-20,7.053140942856461,-0.2956843578061159,-5.496671572972719,-9.2466292439618
2001-09-21,6.563982573130183,-0.48247916271137903,-4.800176184008311,-10.533088734631631
2001-09-22,5.267143390701533,-1.229255833137533,-6.328178446029167,-9.69231116298095
2001-09-23,4.341143142200781,0.013236348029152412,-6.545529913254478,-9.663707189531628
2001-09-24,1.8436182273746695,1.6530582699576861,-7.446641533244474,-10.375283611710081
2001-09-25,1.7993135704380994,0.9738366359225323,-9.170438355957007,-11.317350855406026
2001-09-26,1.3426324669481695,2.2729114169773084,-10.239585513913148,-10.45847353019093
2001-09-27,0.7251477468411415,3.4584793106051537,-11.030539176190226,-10.90670229190821
2001-09-28,0.07374167951517008,3.655388366646215,-8.921313395205626,-10.434355481092151
2001-09-29,0.18447508244236063,2.81763124256541,-9.18371496137235,-11.988303096919598
2001-09-30,-1.4494826910478262,3.282327875893613,-9.552822682830584,-11.951673535750484
2001-10-01,-0.6591510213227149,3.223907349154242,-9.121771244236996,-12.348282139369955
2001-10-02,-1.1086754010614794,2.4635775589756257,-8.214757186159808,-12.675562738454378
2001-10-03,-2.9007621374349406,2.1833433850873964,-7.465558745805893,-12.040633781770792
2001-10-04,-0.5364740906210135,3.386341773778545,-8.01652218458653,-12.956339201939924
2001-10-05,0.23586112679232918,2.9296938663710947,-7.2631324709382605,-13.127209809341212
2001-10-06,-0.9270323730352614,4.009229663380864,-7.9311118589874505,-13.9315315488395
2001-10-07,-0.7194489879919544,3.422502334435796,-7.709662774622589,-14.74305188931226
2001-10-08,-2.3903845902575567,3.6010851870046374,-7.67019450098508,-14.752971046473453
2001-10-09,-2.28119687878043,3.419206962683888,-6.880791124557453,-16.336747844853452
2001-10-10,-2.233616544429309,2.1566432371442694,-5.950847873674636,-16.38593936402471
2001-10-11,-2.210020757235754,1.613041712626801,-6.7560197400446445,-16.027519791253305
2001-10-12,-3.927091557440396,3.2303018567983623,-5.747853312384493,-16.418821751830166
2001-10-13,-6.608606475130587,4.6092271314492015,-6.438919569619601,-14.66741587364998
2001-10-14,-7.634761533231405,3.8318892670739015,-7.272027816538204,-13.216404410286811
2001-10-15,-7.449972522197605,3.5598765867641964,-7.025050464626013,-13.974622442783946
2001-10-16,-7.626895750266318,3.11542052939793,-9.18493701237898,-14.157697535858858
2001-10-17,-7.076250976245111,4.632250523647697,-8.369876630042977,-14.348926852709372
2001-10-18,-6.118763628879433,4.298377962889929,-9.74878911463628,-13.179834155307793
2001-10-19,-6.279164665072347,5.083539021354777,-9.308820844491612,-14.003215287674784
2001-10-20,-9.24851415233929,4.06769020952069,-8.375979192062442,-15.035551862451642
2001-10-21,-8.682472050106092,4.518653159135289,-7.288273792947325,-16.151149856225942
2001-10-22,-6.74514431541615,4.800382122580358,-9.26674034399831,-18.306441348372626
2001-10-23,-6.888252950425928,6.547395879815691,-9.726141706426512,-18.629638934879488
2001-10-24,-8.489966588852287,5.471602145674512,-10.930641931211186,-18.60316136410143
2001-10-25,-8.347250889547524,6.60273434296834,-9.992093362687234,-19.02577638734626
2001-10-26,-8.44552581288743,8.29699008817868,-9.387667031396873,-18.889951993256613
2001-10-27,-9.169730436414788,7.1321666616477035,-10.692046852778134,-19.30229135134132
2001-10-28,-9.620494264323169,7.626604640226127,-10.382970931672958,-18.24078655951271
2001-10-29,-8.090717296902621,7.642241582226977,-11.64208085461649,-19.533015306031203
2001-10-30,-8.265342325235498,5.920688287064629,-10.523942469102824,-19.36685848242815
2001-10-31,-8.261269253511164,7.778929356036828,-10.338567257151661,-18.55781990131806
2001-11-01,-9.737691018308169,7.823568752763788,-12.214582137554425,-18.309083719620695
2001-11-02,-8.835866391807832,6.48671644631565,-12.507401834378289,-17.723838456624048
2001-11-03,-9.952949084022247,6.753706183235034,-12.85012995944657,-17.29805546359444
2001-11-04,-9.575977326118167,6.70763466139682,-11.469729769591028,-18.05923226080462
2001-11-05,-11.284676050194689,6.419285331925149,-10.530616873907983,-19.51715211490235
2001-11-06,-10.914801807045759,6.708791333587584,-10.65722996208391,-18.544073565637255
2001-11-07,-10.462720227544837,6.800701670089737,-11.36030147732723,-17.50087692504704
2001-11-08,-10.563144667965906,7.65556459468747,-12.376010342766802,-15.163130582869385
2001-11-09,-11.757641392482308,6.345359679377539,-14.839779495067276,-14.081926701903027
2001-11-10,-10.72500166470633,6.451747800519668,-15.887694543656384,-13.02902675556895
2001-11-11,-10.830351998160753,8.347770691975306,-15.93755059962749,-12.806955305580235
2001-11-12,-11.435005556649918,7.295966717150524,-16.229810013696866,-13.224541953703344
2001-11-13,-13.29808029603771,7.269467524315498,-15.092110126900797,-13.954387160622405
2001-11-14,-11.367988429813723,5.562840414493982,-15.472512534809454,-13.764535908981387
2001-11-15,-9.452824826144266,6.372449585602967,-15.320042035922896,-13.721051119716028
2001-11-16,-9.360851175880983,7.447086327645537,-13.742764249943715,-15.947270882628116
2001-11-17,-10.13275604828036,7.662904648867791,-12.728276519861625,-15.508066243254572
2001-11-18,-8.876750476959677,7.030535232441887,-13.175493137803416,-15.073075325329151
2001-11-19,-7.311808978654783,6.713373010322757,-14.38249357570275,-14.947710007472654
2001-11-20,-5.153473363939671,6.769000547728308,-14.928229260185155,-16.847457039952257
2001-11-21,-4.906475841427936,5.398179183677384,-15.32756633648651,-15.66317798350865
2001-11-22,-5.18790917500831,6.083027629869455,-14.583676474759391,-15.472211019616978
2001-11-23,-5.6253404248860495,7.0630056997480555,-15.845004107420463,-16.356088538612244
2001-11-24,-5.702265166987215,7.843604519861908,-16.787006136702516,-16.35923748371573
2001-11-25,-7.687864781394721,7.126668930492037,-17.140222682957596,-15.215115417465888
2001-11-26,-8.109515564118754,6.986953229662807,-18.078977249232548,-13.919310264745322
2001-11-27,-8.855073701985988,6.560321668541296,-17.53073087118777,-12.934378247268887
2001-11-28,-8.23820253077351,7.269246250785409,-17.424040935288893,-11.723905231552045
2001-11-29,-9.939040512435,6.129417950550497,-15.684788080853746,-11.849384583514547
2001-11-30,-9.048994186023679,6.842560541974974,-15.089585404105414,-9.184114450303161
2001-12-01,-8.773146008001628,5.366214274843577,-14.737462986897764,-8.09923478378237
2001-12-02,-7.7063235750824415,5.61810315678764,-14.765849864486773,-8.859505666294243
2001-12-03,-6.408850056451276,6.392336654293633,-15.849588825132379,-9.4924563796691
2001-12-04,-6.28606075332029,7.776897912983597,-16.151935454805866,-10.023852028589337
2001-12-05,-5.134067569550775,7.776427995336958,-15.664781159175657,-11.239403542473449
2001-12-06,-4.6267875989713145,6.239617966282088,-15.244830367300132,-9.89281068848273
2001-12-07,-4.6896800973931905,7.077407656432781,-16.50059576159481,-10.908323814349872
2001-12-08,-6.454030912407188,9.130924255435074,-17.575538799898954,-12.720135690649478
2001-12-09,-5.8192162636513505,9.684857688760152,-17.97264708700373,-13.267035543060674
2001-12-10,-6.11268454545051,8.27210591377312,-18.160792599399475,-12.944645454657975
2001-12-11,-7.1442257502696656,7.8118380550659055,-16.83982002328058,-11.761323587931045
2001-12-12,-7.733465367711884,6.433655695308872,-18.005575402540295,-12.259734449195575
2001-12-13,-7.764733127667656,6.677762084924699,-19.040114741568292,-11.995250461290995
2001-12-14,-8.212415929756329,5.157605393426767,-18.476033875031067,-11.705471658890646
2001-12-15,-7.682159323845727,5.5629074499821165,-18.38115843036726,-11.242084258810443
2001-12-16,-8.14529901357721,6.2101029894732935,-17.82390245740835,-10.804399584159848
2001-12-17,-8.291127743274025,4.5499317000654305,-16.86867330881481,-11.122695969380644
2001-12-18,-8.354475460931074,4.115728579864143,-17.17563881671936,-9.387077767026398
2001-12-19,-8.253341369980308,3.8482718690233764,-16.862954301614486,-8.913431050206476
2001-12-20,-8.096745533470848,4.103042123936577,-17.405255680038085,-10.060647431488125
2001-12-21,-7.745560510281351,3.535402013134466,-17.341805856129646,-10.143558751936462
2001-12-22,-7.057988926364919,2.8224247203170023,-17.7478399494597,-10.619371209926737
2001-12-23,-7.321009304633219,1.6976830539692755,-16.47828491712242,-11.269797741962382
2001-12-24,-8.165571621972553,2.607886480915004,-16.677272718816948,-11.347497665952346
2001-12-25,-6.665050606151438,2.5179170588073263,-17.699985469190985,-11.322177789613287
2001-12-26,-5.925295132960262,3.4517277019976773,-19.39898727748242,-12.539347950036285
2001-12-27,-6.902408693908292,2.601000437665829,-20.053873132614104,-12.540479978397004
2001-12-28,-6.190578450168604,1.4093549533694225,-20.532679774377527,-11.111910046142851
2001-12-29,-6.384504051992225,2.2445000879628596,-20.649590465137784,-10.705411805996224
2001-12-30,-7.134332021649613,1.9386777754241704,-21.41138468420515,-10.673207699169772
2001-12-31,-6.893461669702966,2.5025548868847225,-23.10191111292985,-10.404648429197323
2002-01-01,-7.386690112738352,3.4284158440541495,-21.0642154977596,-11.34311125088893
2002-01-02,-6.432048944041277,3.5680301349433767,-22.032525892994947,-10.082658080515465
2002-01-03,-6.566583385122018,4.710242937483139,-22.47593686037345,-10.294800254427757
2002-01-04,-6.94647873567141,4.999989150192027,-22.675063512706576,-8.327508002857599
2002-01-05,-8.264549659695142,4.3460851423861175,-23.052273350004285,-9.07681473464386
2002-01-06,-8.324170005849872,5.197092529667499,-23.76737985884883,-9.877652433257332
2002-01-07,-7.416036112965514,5.064377312067687,-22.56243804446518,-11.482225844354236
2002-01-08,-6.5010585505054825,4.679057514925372,-22.51474665106029,-9.965412595191092
2002-01-09,-5.95631123157531,2.875250237362894,-24.05498849798141,-10.434402532887441
2002-01-10,-4.699040936764567,4.175506189587287,-22.913959489920778,-11.373201695555231
2002-01-11,-5.866000027556244,5.730633441948148,-23.089057100353354,-13.708919194416106
2002-01-12,-6.371754496351757,5.419612319756761,-22.715194456916798,-13.868743296167075
2002-01-13,-5.928116640924546,5.697610039534979,-23.17883753249304,-13.038606054077203
2002-01-14,-5.5724794397058,7.564102759460046,-22.92940245560501,-12.782583511549072
2002-01-15,-4.968674972363798,7.230988999429139,-23.55070679427866,-13.629223876100605
2002-01-16,-3.263990202987695,7.275589629187513,-22.848309933365766,-14.916478865726788
2002-01-17,-3.8276060299053833,6.4583101251992545,-22.2930293029019,-15.055886917294453
2002-01-18,-4.229716521415977,6.03354038092135,-23.117743530955075,-15.19893258081429
2002-01-19,-4.2182490519603615,6.482057555590344,-22.690467565547785,-15.874203228565808
2002-01-20,-4.375384544171403,7.053181324893202,-24.899335809823803,-15.227797497200353
2002-01-21,-5.126878257394608,7.671217391683654,-24.184595593672253,-15.624815317926132
2002-01-22,-5.751729626934403,8.5868875536896,-23.071641587968553,-16.28157373939926
2002-01-23,-6.204309591077934,9.614894375309582,-20.824029099352117,-17.35958188191521
2002-01-24,-5.796320829099267,8.992928013681732,-20.59869815164608,-17.6862802592807
2002-01-25,-8.297584502207226,10.618321968114683,-20.353340152023755,-18.3908343112412
2002-01-26,-7.578604816785495,10.584574436889273,-19.432142510820857,-17.8560558651806
2002-01-27,-7.082008652857582,11.051955204707848,-20.025531582714766,-18.50755409882838
2002-01-28,-6.99910496958431,9.747239379489349,-19.396656968645388,-16.924424693995878
2002-01-29,-6.396793949620734,10.94906701040128,-20.10268027411274,-17.393382803706572
2002-01-30,-6.714510893356069,10.631056595833547,-20.221177566723703,-16.705927130198916
2002-01-31,-7.980780173071516,10.178240513163722,-18.229389111940133,-16.966453358992645
2002-02-01,-9.840575915088998,10.297819539021884,-16.66681716482765,-15.446746953164054
2002-02-02,-9.478157906422467,10.586644304639908,-16.872586401823188,-16.248480132251437
2002-02-03,-8.992082429161483,12.19012854674711,-17.204774795455705,-15.289346634132341
2002-02-04,-10.300359788414957,12.72627710451575,-16.423525859373047,-16.65514574399685
2002-02-05,-11.02937367695869,11.787642373389495,-16.06158378257695,-15.912399886613635
2002-02-06,-12.349004970351466,12.216339848526452,-16.00652500134394,-16.485453145480584
2002-02-07,-12.454961825725059,12.94461175015526,-17.17380343420031,-16.847121013395665
2002-02-08,-12.511266960971787,12.432535240745572,-16.633877189696765,-16.46227389843667
2002-02-09,-12.496711012821665,13.576194287307166,-17.243429628069737,-17.699335350471415
2002-02-10,-12.293564307781644,14.905960847096358,-18.799784808685903,-17.988302940068184
2002-02-11,-12.58349830530848,14.413861800568585,-18.41532779618778,-18.7739194418583
2002-02-12,-12.011763461144847,15.0224390796958,-18.50550867817212,-20.495319014044206
2002-02-13,-12.931311326267796,14.862442082175415,-17.480611667678957,-20.51286910460364
2002-02-14,-11.25649377925172,16.2384609534952,-17.64005665595464,-21.250912581133505
2002-02-15,-11.334636416328832,16.478502267099906,-19.149376029438542,-21.31283633269015
2002-02-16,-11.571198642766102,16.30432847617731,-17.95669146819608,-22.075240801142378
2002-02-17,-9.845117725966523,15.91508184091742,-18.13230752890884,-24.930526693449433
2002-02-18,-10.05368580971204,16.391670939510828,-16.001390656245178,-23.796122683163855
2002-02-19,-9.896149572080757,15.058631589968504,-14.651309139486026,-25.2060982547795
2002-02-20,-8.937422247853942,14.399016123421394,-12.001363334988293,-26.352279829194913
2002-02-21,-9.489142677337721,14.527853535969292,-9.961985105878934,-26.487799372381424
2002-02-22,-9.12925012434614,14.382005681982324,-7.032568498487923,-27.573578614925232
2002-02-23,-11.169286052928152,12.523623807149187,-7.399783171109504,-29.234062039151116
2002-02-24,-11.64833934722506,12.2043384719364,-6.768292304295221,-28.770142185212805
2002-02-25,-11.864996862078032,13.46931449713765,-5.867269635975254,-30.92317753826934
2002-02-26,-11.182107603570488,13.513264859487727,-5.492633890699081,-30.84387471042775
2002-02-27,-12.48346371505996,14.19816904531734,-4.341097826057166,-31.23752801327591
2002-02-28,-11.70010570006934,13.956713177573464,-3.153244140081841,-31.061049635942478
2002-03-01,-10.942667118809553,14.214116987160239,-2.182149186241637,-31.11589458233618
2002-03-02,-11.732477141316993,14.616933369695149,-3.5971721938645365,-29.80228242958924
2002-03-03,-10.093741674656531,12.907875439855225,-4.9853762571480535,-29.928041367059834
2002-03-04,-11.601770814304002,12.640155532442872,-5.827792453979964,-29.006928786140882
2002-03-05,-12.639366688262186,11.044409369129996,-6.732027422287645,-30.60385242326884
2002-03-06,-14.365753284631305,11.795634790736914,-5.8293509267545485,-30.483737175926784
2002-03-07,-13.889747080779106,12.018731190485646,-5.814149069021574,-30.94368366920424
2002-03-08,-13.074688206640115,11.659315302316681,-5.872924129232283,-31.34648326138304
2002-03-09,-13.76513809982887,11.703200889285798,-7.3092558540209325,-30.599339978951136
2002-03-10,-13.509963190188849,10.45880471774742,-6.730565572902236,-28.829276193197064
2002-03-11,-14.181865068184337,9.131904409168481,-6.7059810778943225,-30.306537062911506
2002-03-12,-13.23248466813656,9.310336542950237,-8.002846808608282,-30.920975532083826
2002-03-13,-14.274700063857576,9.898723756566952,-7.789886439032661,-31.424675549563872
2002-03-14,-13.9977381297322,11.152658616075906,-7.962855965843312,-29.949646355979365
2002-03-15,-13.613483868838069,12.74431291133632,-8.67064861638664,-30.360478783298365
2002-03-16,-13.177663073990583,13.504653968186354,-9.924397716786151,-30.63620506736199
2002-03-17,-13.620251589289278,12.984709302361612,-11.987482846927161,-31.484843508589176
2002-03-18,-12.915958577003758,14.032108977187276,-12.481573712415527,-29.83483889832011
2002-03-19,-14.187582216727076,17.00790173285726,-12.092915170173047,-30.853070609002348
2002-03-20,-16.416007682719226,18.063355184806966,-12.271258946508516,-31.50614820058944
2002-03-21,-16.369659650439417,17.90310459025687,-12.299941610200644,-31.74906649164351
2002-03-22,-17.41335262986494,18.38553541348792,-13.780954340370533,-32.14306644628064
2002-03-23,-18.840716283134228,18.409364627371872,-12.772979205210898,-32.28702718547613
2002-03-24,-19.058547318855105,19.078332152281668,-12.720470137089405,-31.215254595211846
2002-03-25,-17.1269024339012,17.59940357262111,-14.463392823694672,-31.280673406756627
2002-03-26,-18.264025527716637,16.45747761117782,-14.947419055680783,-33.04298808897191
2002-03-27,-20.046210784159292,15.16111338796073,-15.570585528134494,-31.114533868566536
2002-03-28,-20.485730887396507,16.503128704499215,-16.0461584998035,-30.796169225608725
2002-03-29,-21.86805428010794,16.437165612151123,-15.500663815536605,-32.197246746786675
2002-03-30,-23.01876436997874,16.653408090214988,-16.36492460459455,-32.01571415434295
2002-03-31,-23.01796424351783,16.733012789514156,-16.592103731891488,-32.54767122457509
2002-04-01,-23.42902290236864,16.888148370099085,-16.902066722981374,-33.097497654125604
2002-04-02,-24.49052283176394,17.279381502978513,-16.68385036559855,-33.49314240633895
2002-04-03,-23.193299230661516,15.524623406382602,-16.639254358968042,-34.763736518780114
2002-04-04,-24.27340358644484,15.973855200489401,-15.589386293755215,-35.575361472369664
2002-04-05,-24.37781089917052,17.403826622322832,-15.693605628176499,-34.79560714305702
2002-04-06,-23.86106976570942,16.864835107734915,-13.445408920133714,-35.60400588312395
2002-04-07,-23.867413295091044,15.828311477752491,-13.78830530054186,-36.268304156089116
2002-04-08,-23.031942704984658,17.046587638140966,-13.313025424302518,-37.06719912221278
2002-04-09,-24.32544537155744,15.59456921698219,-13.878253815892638,-37.25572643575755
2002-04-10,-23.719610161976828,14.398167061351993,-14.71752885522472,-36.802299748393864
2002-04-11,-22.798389094901083,16.326694124316553,-14.929657399328686,-36.269073812003086
2002-04-12,-20.809375546224015,16.692520792468834,-15.914144508824583,-37.04265495859788
2002-04-13,-19.50658917098781,15.882107415907088,-17.3651306851261,-36.26418255378099
2002-04-14,-18.713442323028726,16.083455100404834,-18.698403923312153,-35.744240947861684
2002-04-15,-19.7557016513265,15.73632630901184,-18.507991423401915,-33.70930841559705
2002-04-16,-19.351834198686735,16.300145375926547,-18.30878304128362,-34.56166980391357
2002-04-17,-19.391137785072658,16.035906835462963,-21.375192258605217,-35.88667110583923
2002-04-18,-20.359719502221083,16.565136144009337,-22.219709315439044,-34.712050653065845
2002-04-19,-21.984082817682555,15.43253632441857,-21.84798515691632,-36.249615287299264
2002-04-20,-20.931781243409425,14.170825565480348,-22.307415918047106,-37.600527192132034
2002-04-21,-20.328832815558805,15.581047533029105,-21.64839488620649,-37.20703545721634
2002-04-22,-19.471809898990724,17.137126635437976,-21.610942842761332,-37.91467699857816
2002-04-23,-20.946882196271492,17.303059429422955,-21.791681147215144,-37.9133012979522
2002-04-24,-21.316513387833695,17.660275409725504,-21.30442111007413,-37.95243568228021
2002-04-25,-22.435975456149194,17.887954290737156,-22.518591376606526,-36.7878843017509
2002-04-26,-23.846283443004605,16.426462307828455,-20.371046892904282,-36.80399007336337
2002-04-27,-23.739747177220742,15.076298762954629,-19.660098603814248,-36.34561356279198
2002-04-28,-23.533575327468995,15.602444192806601,-21.15003367065691,-37.1736615495596
2002-04-29,-23.43671553120491,16.195322313988907,-20.278489190411946,-37.28738451310168
2002-04-30,-23.459301738775437,14.716063957928574,-20.556117138057985,-37.940698947581986
2002-05-01,-23.71759706369023,14.287415533412748,-19.786073562320784,-38.26826666157922
2002-05-02,-23.09042031427412,13.417199068062947,-20.796775402179357,-38.775355453638426
2002-05-03,-23.273433050812926,12.827432527947884,-21.668689488687967,-38.35388693438709
2002-05-04,-23.876357979895353,12.722443576917728,-21.2985230136956,-38.06140527151761
2002-05-05,-23.045504017372124,12.525029773451768,-23.64420832488473,-37.17419057550823
2002-05-06,-21.1388874592,11.771704034308161,-22.89179901323651,-37.89380321760182
2002-05-07,-21.30948306553815,11.641946280350828,-21.144436272145985,-37.79669234840222
2002-05-08,-21.719359225453992,10.543025121261556,-20.193945130050146,-37.561192516044166
2002-05-09,-23.154677009725535,11.460254071304945,-20.14950735993936,-35.692014055614486
2002-05-10,-23.61257933015604,12.216864158277897,-21.505311524061398,-36.348510645778575
2002-05-11,-25.952558972187397,11.528599009611426,-21.703140017749735,-35.14740471151419
2002-05-12,-25.237500245073832,11.895972423458923,-22.024215835281183,-36.21619040571379
2002-05-13,-24.60214749196225,11.071862188029069,-21.442544168539683,-37.23661831577668
2002-05-14,-23.97884905667727,11.0343604105902,-22.35889894987372,-36.96205006013011
2002-05-15,-25.310078668161328,8.99836691159529,-21.739301325545647,-39.65795498548308
2002-05-16,-23.223864821824733,10.36669915331502,-23.335186798608255,-41.46364286757945
2002-05-17,-22.985522651023725,10.461020874176148,-23.967916342493673,-41.95450880771417
2002-05-18,-21.480644127469148,11.497164697704525,-23.414634106956935,-43.07727931101577
2002-05-19,-22.984900809793963,10.95290454969731,-22.18615545167324,-44.10497156887749
2002-05-20,-24.630070796827805,11.761439980353192,-22.658568231906347,-43.67889306796211
2002-05-21,-25.68962574605265,11.091112536080578,-22.566040623844444,-43.92093925886475
2002-05-22,-26.562856204519342,10.556668421777045,-24.346817103561666,-44.27528692090993
2002-05-23,-26.90579365490554,10.93110862815237,-24.520354905638865,-44.56560613682766
2002-05-24,-26.490624220337587,11.444779295193952,-23.954938386544715,-45.54121077197724
2002-05-25,-26.509921169559604,11.585081357351893,-22.801020890179096,-43.878685536351036
2002-05-26,-27.670511663479196,12.213526031608117,-22.957043406859313,-43.44642098207877
2002-05-27,-28.304025053543505,13.331656275321551,-22.587624458266017,-42.7337351476752
2002-05-28,-26.02151402589699,13.018738365004438,-21.87560877561061,-44.0878541202301
2002-05-29,-25.408422209911787,13.79608936551706,-21.787543723414178,-44.71287266637766
2002-05-30,-25.875343306616386,14.175892859365147,-22.528023921729886,-45.39529192101445
2002-05-31,-26.42393588272036,14.094557551436598,-22.738196725168173,-45.940986689484305
2002-06-01,-27.09223587975123,13.11522035683129,-22.379870062349955,-46.504926123399294
2002-06-02,-28.03324114576684,11.985676136144848,-23.020382835797495,-47.711850250480474
2002-06-03,-27.218747831069273,14.106013307561474,-21.47708751214189,-48.70337492810472
2002-06-04,-28.076047063138827,14.53008915373747,-19.81938639337243,-47.755820509329816
2002-06-05,-30.36626971028757,12.97006998741535,-18.883688959953275,-46.425329205701544
2002-06-06,-29.548271314916867,13.529307709808387,-17.263323090218485,-45.6217646319238
2002-06-07,-28.21604892038201,14.111595546992607,-17.254726882865167,-44.78774942442437
2002-06-08,-28.758864650912837,14.835847314848968,-15.908315055767753,-44.173966586608394
2002-06-09,-29.98477727131771,15.95491097765331,-14.88957887355108,-42.735863421835845
2002-06-10,-28.372873721615527,15.127173624949137,-13.775718935566942,-42.898909625953
2002-06-11,-27.86314552566096,15.684329989824269,-12.66096933887543,-42.25865405088799
2002-06-12,-28.46904239163408,15.225664070691812,-12.624199692570137,-42.12352742443424
2002-06-13,-27.399387059844813,16.962571353049952,-12.361334807969989,-42.330421966581774
2002-06-14,-25.442293642012544,17.52857632945875,-11.968254929915766,-41.81301666972175
2002-06-15,-26.809961283601368,18.412025156589703,-12.979091767649678,-40.81206805893732
2002-06-16,-26.25211445681439,20.084908177100537,-11.50991667260175,-42.38205113716554
2002-06-17,-27.46758979879815,19.313468582222495,-9.647859256562322,-41.782992616410816
2002-06-18,-29.140916006716395,20.771778409195463,-9.586157816297682,-39.870292515429185
2002-06-19,-29.998809743828094,21.35019330380099,-9.413854404322151,-40.43836603228787
2002-06-20,-28.79139191183992,22.374582990116828,-10.592769669496542,-40.409083021696055
2002-06-21,-28.780084515142338,21.415386770459033,-10.043607936600683,-40.38526138500676
2002-06-22,-28.04752897495526,22.284872235486908,-12.431962481174034,-38.56806403436631
2002-06-23,-29.75035786038896,21.87358913170217,-12.09356919225164,-39.75010355636705
2002-06-24,-30.78294673193514,21.132140324956076,-10.216275489518944,-38.73101869318902
2002-06-25,-31.43183672287618,21.1842205590522,-8.812421902798098,-37.51173365818823
2002-06-26,-29.60644424191952,20.881972550872153,-6.7972788435915135,-36.708950687926816
2002-06-27,-31.43711401880316,20.90779186387924,-7.334241097560223,-36.304979920896685
2002-06-28,-29.883321304146502,20.03571628037685,-7.637908137327504,-35.991465595098006
2002-06-29,-29.00771843636921,19.653240055012997,-8.25564400012608,-37.184559099322215
2002-06-30,-29.561023894510377,19.441283815284613,-6.398341583566053,-38.324915423471914
2002-07-01,-29.782674625943667,18.08699120710842,-7.187257876210583,-37.83117933174547
2002-07-02,-30.202222477749217,18.06736496665274,-6.564195330555447,-37.602740179413786
2002-07-03,-30.972805355228733,18.7703868803182,-6.752957044041033,-37.74831525803496
2002-07-04,-30.966454993417997,19.57425610995128,-3.153927984659689,-38.24591045731817
2002-07-05,-30.779441424505237,20.63600350288729,-3.122230436943879,-37.834275446674546
2002-07-06,-30.31005639015535,20.105178373337893,-3.3743527582806503,-36.80960308191757
2002-07-07,-28.021070974085287,19.657789909877724,-3.473401878645112,-34.74427943826967
2002-07-08,-26.826908280416994,16.46247636036634,-2.0167762502020645,-35.16284308231403
2002-07-09,-27.119313622795083,16.726010136331553,-2.2144410837248834,-34.967203638578184
2002-07-10,-27.330451105326983,17.378516472105566,-1.7740287770468028,-34.43420976488533
2002-07-11,-27.743552803531852,17.47184274722022,-0.8857031362892507,-33.19633862424714
2002-07-12,-28.691000085889808,15.862871981277198,0.04258443964635672,-32.837915596570184
2002-07-13,-29.613459007989597,15.90214871207925,0.4515563927131065,-32.8352025691086
2002-07-14,-28.653033925656512,16.58532700417612,0.2426229323018635,-31.820187483021613
2002-07-15,-27.99625596908198,14.823827839138184,0.20439503419513225,-32.98992233991892
2002-07-16,-28.524938589585414,14.906144113590788,-0.7476061600124165,-33.453056284111135
2002-07-17,-26.007943529206045,15.81791443008325,0.04967559941130539,-32.91778467776496
2002-07-18,-27.515028127066152,15.276759789715884,0.10191306033243952,-34.148504947577
2002-07-19,-27.466968256774287,14.868215564852065,1.7074521924404684,-34.55155441510513
2002-07-20,-26.03012803994611,13.356210788601171,1.990039060709986,-34.75717805476871
2002-07-21,-26.414984476733345,14.11442352318452,2.1875710680139893,-33.73383069788601
2002-07-22,-25.570199389016928,13.451985551570207,2.017164526501642,-34.30322458747552
2002-07-23,-24.47172844287834,13.579525111129664,3.1916473481403935,-32.50382709144356
2002-07-24,-25.237698604754165,15.105129522057444,5.08878733308447,-33.559268450262216
2002-07-25,-25.827955002166906,13.621376390485302,4.811171197567698,-32.61935341863124
2002-07-26,-28.357073476221736,14.92593115157265,5.8311861897553765,-35.113211265653355
2002-07-27,-27.08375372940991,14.716993068553816,6.116999496702231,-34.39402213593491
2002-07-28,-28.248721366076268,15.972113363144597,3.4502031582234918,-33.99332272155097
2002-07-29,-28.981821415069785,14.643023111309802,2.59041803143672,-33.45537364886019
2002-07-30,-30.149044574056017,13.942043167455953,1.2554684025516238,-33.06570892381072
2002-07-31,-28.31478158463973,13.883844259777318,0.8148496309955464,-33.35532153020874
2002-08-01,-28.54144759706378,13.12678367022722,-0.5487391840070306,-33.952341580851524
2002-08-02,-28.389696940602065,12.109386671264579,-0.17452479053883385,-33.166831480074286
2002-08-03,-28.192198468013686,12.011022020799532,0.7537137824437472,-31.075695339639992
2002-08-04,-26.404804278985843,12.763155347010617,1.9921992090486023,-29.296324656281552
2002-08-05,-26.085605894882548,11.174617375102985,1.0013787374022527,-28.384126608524735
2002-08-06,-24.832590709635017,12.062048905391432,2.4278020437329504,-28.9978607048255
2002-08-07,-24.68799368545424,12.548265360393158,2.5853534870837325,-30.03785158734004
2002-08-08,-24.964118216444223,12.367897859685918,3.74311834729229,-29.925002252314155
2002-08-09,-24.155637181172228,12.2454423550278,3.380605786239145,-29.238123935839155
2002-08-10,-24.474092593939133,12.06444119428029,3.7328455787411032,-30.551687101728145
2002-08-11,-25.933584884250138,12.100584963135939,2.596392171276314,-30.156112825277813
2002-08-12,-24.08517677030463,13.011391603805787,3.310935934975914,-30.29688565490197
2002-08-13,-23.862415850899982,12.72186696016318,3.8544249682164313,-29.001894180887472
2002-08-14,-22.367498562825112,12.916349303350009,3.1903349985074905,-29.88858309957397
2002-08-15,-22.11849442195449,13.07108897652312,3.5496692507707017,-29.219369626077874
2002-08-16,-23.096218938076607,13.417526483840758,2.2065636746417074,-27.356484467833432
2002-08-17,-24.65040587700387,14.32204039975626,3.3301618161242765,-29.344176815628497
2002-08-18,-25.135930524896267,13.252682501524426,5.119965494999238,-29.681116522129123
2002-08-19,-24.973380678635383,14.056252748848811,4.935891597120099,-28.140855756626188
2002-08-20,-25.08232943520141,13.792279949493205,4.657983229423765,-27.26338319779505
2002-08-21,-25.7618866982624,12.818707040388338,5.240767798386988,-28.20160687439056
2002-08-22,-26.054085166311104,12.635274895162423,5.144696293574429,-28.579626011552435
2002-08-23,-26.234647310293525,13.376309187983418,4.515415819131078,-29.304176061908166
2002-08-24,-27.543850471314233,14.787240026656102,6.699602836476121,-28.21041698990975
2002-08-25,-30.378836217226876,15.253302531741893,7.618595938013064,-28.891943361880326
2002-08-26,-30.452619044359963,15.363253613064233,6.295364063788644,-29.396442807391175
2002-08-27,-30.947028885885587,14.558237163280356,5.417248396089882,-29.856746845979075
2002-08-28,-29.675574383854894,14.545780277657416,7.368838147601222,-29.718563973370074
2002-08-29,-29.343180934210036,14.799115035829375,8.097730141371393,-29.053263220405224
2002-08-30,-30.78376740933099,14.770774493591109,7.212346792674338,-29.294996692060014
2002-08-31,-30.42807807170326,12.896491395711983,8.924114289997425,-30.256721601323516
2002-09-01,-29.007826701174256,10.925979703326995,8.719333153634361,-32.33692577086008
2002-09-02,-29.138947155819366,10.787718854836735,10.302900465864562,-31.719727590750043
2002-09-03,-28.8012244144661,9.967716102915839,11.060827476800013,-30.760811361427717
2002-09-04,-29.086328373211234,9.756651704075567,9.490778426742452,-30.63561382053695
2002-09-05,-29.06214900789366,9.059263041693752,8.855226131008935,-30.25846958842463
2002-09-06,-28.642756552901766,7.4575261187734645,7.0722274544877095,-28.941002819414255
2002-09-07,-26.32883571794716,7.231895106554896,6.170879761985722,-28.76318211920531
2002-09-08,-25.511574029139588,6.5014076169898765,4.706667666478948,-28.722977394485525
2002-09-09,-25.282996667170888,5.564948160084519,3.576572215566417,-27.22142279403762
2002-09-10,-23.77576034896652,5.640999170699952,3.523188636855073,-27.248366642300432
2002-09-11,-24.039045860981098,3.4191631308797326,1.623478136811376,-27.18767930498867
2002-09-12,-23.34022230187304,3.2524228713319494,2.9535549086512054,-28.32959820064994
2002-09-13,-25.008995798200246,2.586871340456601,2.1905954200056295,-29.07867869711406
2002-09-14,-24.39730917805202,3.082491304051004,2.5399501452349993,-27.69860273123696
2002-09-15,-23.5440023543947,3.2792273191242587,3.6784791868420483,-26.659475390053625
2002-09-16,-24.53116245676367,2.84574940681931,6.05390179990661,-26.797369456279952
2002-09-17,-25.06904295739939,1.8118355603622223,7.522132857399509,-25.986461073919155
2002-09-18,-25.765143516078197,0.24431709719419104,7.85347340196347,-25.462540835341073
2002-09-19,-23.631530934487813,1.3136008969700852,7.768885841415701,-25.65107170429778
2002-09-20,-22.313806015355105,3.0187012389053534,6.505114893846279,-25.73103098037513
2002-09-21,-21.707167499269268,2.9269199643054016,7.155003337620029,-26.6433365138407
2002-09-22,-23.651335898979514,2.7653801604712767,7.3771308353707115,-27.294825273695995
2002-09-23,-22.79447157043755,2.7214258901255794,5.9589177755299305,-26.92392555925768
2002-09-24,-21.732979649219057,1.5006050020802089,5.629587972898351,-24.41322484974159
2002-09-25,-21.735517653820448,1.2435890180422196,5.480077799032279,-24.302875878232904
2002-09-26,-21.551113777906146,1.0597698010613943,4.581436018937232,-23.17696766817572
